win,kills,deaths,assists,gold,dmg,tower,minions,barons,dragons,ttk,tik,ft,fb,vision,ltspl,dto,g_delt,xp_delt,mmr,gold_diff,xp_diff,dmg_diff,kills_diff,kda_diff,vision_score_diff
1,30,23,69,65060,104706,7,642,2.0,2.0,7.0,1.0,0.0,1.0,217,3476,52431,1910.2,1136.7,10.400000000000091,5299,-305.2000000000003,26025,7,2.594670406732117,4
1,30,14,53,53394,73412,9,585,1.0,4.0,9.0,2.0,1.0,1.0,156,2910,72954,2106.4,1489.4,163.19999999999982,13145,268.5999999999999,19519,16,4.605990783410139,39
1,45,27,57,59122,89544,9,554,1.0,4.0,10.0,2.0,1.0,1.0,118,1996,43582,2626.8999999999996,1671.9999999999998,-97.19999999999982,11003,167.19999999999982,13355,18,2.0666666666666664,10
1,31,24,55,71820,149859,6,812,1.0,5.0,7.0,1.0,0.0,0.0,224,4894,69656,1760.6,1262.2,35.79999999999973,1786,-147.0999999999999,65487,7,1.228494623655914,19
1,26,8,37,41303,52580,3,475,0.0,2.0,4.0,0.0,0.0,0.0,95,3262,12095,2268.8999999999996,1433.6000000000001,-148.39999999999964,7272,193.29999999999995,19788,18,7.221153846153846,6
1,34,16,82,62310,91340,4,701,0.0,4.0,5.0,0.0,1.0,0.0,244,4418,48982,1877.2,1235.1000000000001,74.80000000000018,4361,-45.399999999999636,4152,18,6.279411764705882,57
1,37,23,57,52732,80938,8,461,1.0,1.0,8.0,2.0,1.0,1.0,105,2869,35138,2718.8999999999996,1580.5000000000002,139.80000000000018,11243,226.20000000000027,6035,14,2.4112808460634554,20
1,29,19,40,58206,81869,11,586,1.0,4.0,11.0,3.0,1.0,1.0,183,3948,66439,2283.2,1303.3000000000002,48.59999999999991,8615,73.80000000000018,9850,10,1.4936479128856628,20
1,18,8,19,31757,29933,3,386,0.0,2.0,3.0,0.0,1.0,0.0,59,2922,23153,0.0,0.0,-28.40000000000009,7081,-1166.4,10090,10,3.7916666666666665,14
1,24,13,22,43273,45479,9,497,0.0,3.0,9.0,1.0,1.0,0.0,109,2235,39908,2516.8999999999996,1397.0,-18.800000000000182,10245,-13.299999999999955,9808,12,2.4967948717948714,12
1,26,8,45,48879,52350,8,504,1.0,2.0,9.0,2.0,1.0,1.0,154,3423,50141,1936.7,1368.6999999999998,92.19999999999982,12707,270.0999999999999,15463,18,8.10576923076923,49
1,27,9,30,41971,44388,11,471,0.0,2.0,11.0,3.0,1.0,0.0,76,1782,20736,0.0,0.0,39.20000000000027,14869,-1317.0,15904,18,5.7407407407407405,35
1,15,3,13,37291,33606,8,448,0.0,2.0,8.0,1.0,1.0,0.0,92,2215,20700,0.0,0.0,93.59999999999991,14341,-1079.2,5451,12,8.733333333333334,37
1,26,22,59,60583,86717,10,683,0.0,2.0,10.0,1.0,1.0,0.0,181,3569,41690,2328.6,1343.1,-47.20000000000027,5006,33.5,15230,4,0.8636363636363638,2
1,34,24,43,63556,95995,10,609,1.0,2.0,10.0,2.0,1.0,1.0,173,4223,57772,2221.6,1364.9,52.0,8255,83.40000000000009,5329,10,1.090686274509804,-12
1,26,17,45,53187,67902,3,629,1.0,1.0,3.0,0.0,1.0,1.0,162,2267,39891,1962.0,1289.4,24.0,5648,-73.29999999999995,-7840,9,2.29185520361991,8
1,22,4,31,34828,40468,5,323,0.0,1.0,5.0,1.0,1.0,0.0,59,2164,16342,0.0,0.0,-95.40000000000009,11863,-1087.3,19487,18,12.795454545454545,9
1,36,27,65,74460,120672,9,861,1.0,3.0,9.0,2.0,0.0,0.0,233,4331,52160,2106.2,1331.8000000000002,-27.799999999999727,8954,86.40000000000009,22716,9,1.4074074074074074,50
1,32,15,66,49839,64902,9,546,0.0,2.0,9.0,2.0,0.0,0.0,117,2880,11609,2544.6,1512.0,43.80000000000018,9623,25.59999999999991,23402,17,5.189583333333333,41
1,30,29,49,61255,110180,6,714,0.0,3.0,6.0,1.0,0.0,0.0,192,3429,31951,1903.4,1468.6999999999998,-164.79999999999973,-509,88.79999999999995,14666,1,0.09080459770114935,20
1,32,26,50,53869,82812,9,504,1.0,1.0,9.0,1.0,1.0,1.0,121,2366,42067,2249.1,1563.9,21.800000000000182,9851,120.09999999999991,22027,6,0.7788461538461537,15
1,32,7,59,48974,65494,6,515,1.0,2.0,7.0,1.0,0.0,1.0,109,2937,57709,2198.3,1465.9,118.20000000000027,10925,187.20000000000005,29247,25,12.5625,3
1,47,36,87,76308,157955,10,676,1.0,3.0,11.0,3.0,1.0,1.0,213,3444,59472,2234.6,1572.0000000000002,-47.40000000000009,11937,173.10000000000014,29335,11,1.3817966903073287,-37
1,36,10,55,45602,65792,7,419,0.0,2.0,8.0,1.0,1.0,0.0,98,3278,20509,2765.5000000000005,1542.1000000000001,5.799999999999727,14661,304.10000000000014,29150,26,8.516666666666666,24
1,32,27,57,64294,107577,8,796,1.0,3.0,8.0,1.0,0.0,1.0,171,3601,52723,1779.8,1305.3,-90.80000000000018,6346,-134.70000000000027,40640,5,1.5150462962962963,1
1,34,10,55,51232,67491,7,498,1.0,3.0,7.0,1.0,1.0,1.0,177,2693,52346,2090.9,1550.4,67.80000000000018,9523,283.0000000000002,23754,24,8.16470588235294,55
1,40,38,51,68723,95822,8,715,1.0,4.0,9.0,2.0,1.0,1.0,227,2519,59506,2283.0,1493.9,270.7999999999997,7924,116.80000000000018,-16657,3,-0.11745827984595625,18
1,34,21,60,50808,69117,8,545,0.0,3.0,8.0,1.0,1.0,0.0,109,2138,36058,2464.9,1496.3000000000002,34.0,13070,155.20000000000027,20834,14,3.2408963585434174,18
1,24,17,46,57902,76594,8,685,1.0,4.0,8.0,1.0,1.0,1.0,168,4067,66096,1935.3000000000002,1420.8000000000002,-25.0,11526,245.60000000000036,22916,7,2.200980392156862,9
1,31,15,51,65601,73159,10,716,1.0,4.0,11.0,3.0,1.0,1.0,199,3986,92761,2062.2000000000003,1351.3,123.0,10603,48.399999999999864,-4311,16,4.305376344086022,24
1,25,17,42,50492,76345,2,623,1.0,3.0,2.0,0.0,0.0,1.0,139,3599,41004,1977.5,1333.9,141.4000000000001,3903,-59.799999999999955,13699,8,1.9011764705882355,-17
1,34,24,53,63727,115308,9,699,0.0,4.0,9.0,2.0,1.0,0.0,195,4892,42191,2120.2,1498.4,-23.0,4841,269.4000000000001,15794,10,1.3897058823529411,34
1,25,20,32,54073,73499,6,662,1.0,1.0,6.0,1.0,1.0,1.0,174,3297,36532,2278.9,1265.8000000000002,3.399999999999636,8363,-111.79999999999995,17944,5,0.6499999999999999,42
1,44,26,56,52802,84851,8,476,0.0,3.0,8.0,2.0,1.0,0.0,105,2177,32465,2867.6,1772.3,-201.60000000000036,9069,150.70000000000005,14491,18,2.2325174825174825,39
1,32,18,39,60690,93436,9,639,1.0,4.0,10.0,2.0,1.0,1.0,169,4922,45742,1859.6,1390.3,-13.599999999999909,6601,87.5,33871,14,2.5808080808080813,26
1,25,17,61,65640,105032,6,736,2.0,3.0,7.0,1.0,0.0,1.0,226,4638,57301,1531.6999999999998,1328.8000000000002,162.4000000000001,4336,35.50000000000023,13568,8,2.9788235294117644,18
1,26,12,41,43614,53763,9,501,0.0,1.0,9.0,2.0,1.0,0.0,79,3244,30167,0.0,0.0,-35.19999999999982,12611,-1154.7999999999997,15021,14,4.66025641025641,3
1,20,10,29,47901,53785,10,535,1.0,2.0,11.0,2.0,1.0,1.0,128,3890,38468,2326.8,1218.5,-18.59999999999991,11181,57.100000000000136,12903,10,3.4000000000000004,39
1,32,32,64,58986,88979,7,527,1.0,3.0,7.0,1.0,0.0,1.0,160,2115,40951,1940.3000000000002,1218.0000000000002,116.79999999999973,1382,-656.1999999999998,7225,0,0.5,2
1,42,34,77,71511,127256,8,711,1.0,4.0,8.0,1.0,1.0,0.0,230,2200,70455,1897.1,1840.5,-77.79999999999973,6356,338.70000000000005,28467,8,1.380952380952381,28
1,38,13,51,50219,74611,9,503,0.0,3.0,10.0,2.0,1.0,0.0,99,3487,33733,2584.7999999999997,1873.8,76.0,16545,609.5,20493,25,5.951417004048583,36
1,23,15,48,43482,58567,7,454,0.0,3.0,7.0,1.0,1.0,0.0,83,3188,36660,2067.3,1579.6999999999998,73.60000000000036,7567,305.7999999999997,12112,8,2.994202898550725,-20
1,32,24,56,63415,109453,9,598,1.0,3.0,9.0,3.0,1.0,1.0,240,3045,57099,1924.6000000000001,1497.4,-79.59999999999991,6013,148.4000000000001,-2283,8,1.6041666666666665,86
1,33,24,30,60891,83497,9,690,1.0,3.0,9.0,1.0,1.0,1.0,191,3120,52021,2320.5,1305.1,-33.80000000000018,9193,-30.799999999999955,7337,9,0.7462121212121211,25
1,15,9,17,29885,29968,2,391,0.0,1.0,2.0,0.0,1.0,0.0,59,2380,19049,0.0,0.0,-1.7999999999997272,4561,-1250.4,1271,6,2.022222222222222,-1
1,26,12,45,44831,77891,7,514,0.0,2.0,7.0,1.0,1.0,0.0,97,3419,25810,2068.2,1333.1999999999998,-26.0,5307,190.0999999999999,26542,14,4.878205128205129,-6
1,18,9,21,36430,34039,2,467,0.0,3.0,3.0,0.0,1.0,0.0,88,2385,29741,0.0,0.0,-10.0,8419,-1191.2,7384,9,2.8888888888888884,36
1,19,9,34,33825,34598,4,403,0.0,2.0,4.0,0.0,1.0,0.0,79,1555,17549,0.0,0.0,43.40000000000009,4666,-1447.4,1499,11,4.625730994152047,26
1,38,20,69,49021,70937,10,430,0.0,2.0,10.0,2.0,1.0,0.0,75,2722,23646,3160.6000000000004,1439.6,20.799999999999727,11853,-53.5,8713,18,4.034210526315789,2
1,32,26,50,53869,82812,9,504,1.0,1.0,9.0,1.0,1.0,1.0,121,2366,42067,2249.1,1563.9,21.800000000000182,9851,120.09999999999991,22027,6,0.7788461538461537,15
1,26,11,29,39250,45306,5,441,0.0,1.0,5.0,0.0,1.0,0.0,70,2137,26455,0.0,0.0,-108.20000000000027,13683,-1304.7,15274,15,4.0,7
1,32,29,57,62638,122013,9,678,1.0,4.0,9.0,1.0,0.0,1.0,193,3139,44630,1959.5,1335.0,-11.599999999999909,4914,-104.20000000000005,30082,4,0.7877155172413794,52
1,33,21,55,59067,84279,10,583,1.0,4.0,10.0,2.0,1.0,1.0,176,3185,63979,2063.4,1450.6,-3.0,11658,14.099999999999909,17562,12,2.5238095238095237,47
1,21,6,38,50179,61359,9,598,0.0,2.0,9.0,2.0,1.0,0.0,154,1946,32142,2096.7,1506.7,-165.19999999999982,11920,176.80000000000018,22356,15,8.928571428571429,20
1,33,20,53,54972,74048,9,535,1.0,2.0,9.0,2.0,1.0,1.0,127,2919,51720,2092.3999999999996,1621.3,-136.79999999999973,12341,306.70000000000005,12389,13,2.7545454545454544,-12
1,28,13,54,50541,64023,9,525,1.0,2.0,9.0,2.0,1.0,1.0,135,3108,50386,2417.3,1420.1,43.80000000000018,12191,55.40000000000009,8842,15,5.204244031830239,23
1,38,30,80,67853,108701,7,654,1.0,3.0,9.0,2.0,1.0,1.0,218,2225,59326,1959.8000000000002,1558.6,-19.800000000000182,10618,140.5,14541,8,1.7491228070175437,38
1,17,5,25,30422,28044,7,324,0.0,1.0,7.0,1.0,1.0,0.0,42,2289,13899,0.0,0.0,-38.399999999999636,13581,-1083.3,12571,13,7.733333333333333,19
1,49,48,88,79879,190811,11,769,0.0,1.0,11.0,3.0,0.0,0.0,242,2630,38384,2373.8999999999996,1338.1,199.4000000000001,489,-108.10000000000014,9579,1,-0.3499149659863945,-15
1,41,27,65,60748,98098,8,644,1.0,2.0,9.0,1.0,0.0,1.0,124,2824,49860,2328.6,1332.0,-48.0,4218,-227.4000000000001,21431,14,2.4137308039747065,16
1,27,10,37,39634,58438,2,407,0.0,3.0,2.0,0.0,0.0,0.0,99,2062,22512,0.0,0.0,59.19999999999982,6821,-1411.0,22211,17,5.511111111111111,-11
1,30,14,32,52238,65748,9,528,1.0,2.0,9.0,1.0,1.0,1.0,117,3706,47059,2336.6,1692.6999999999998,-108.40000000000009,12915,218.0,16390,16,3.1952380952380954,15
1,29,7,37,37694,40950,5,387,0.0,1.0,5.0,1.0,1.0,0.0,89,2838,13260,0.0,0.0,198.80000000000018,13453,-1140.5,18137,22,8.842364532019705,33
1,30,19,48,53450,66490,7,503,1.0,1.0,8.0,1.0,1.0,1.0,167,2939,35272,2093.8999999999996,1380.3999999999999,-66.59999999999991,10065,-102.30000000000018,11874,11,2.771929824561404,20
1,21,7,36,44850,52467,9,547,0.0,2.0,9.0,2.0,0.0,0.0,111,3886,32019,2164.8999999999996,1336.6,-107.79999999999973,7971,-38.299999999999955,7586,14,7.428571428571428,21
1,38,30,71,64451,99432,8,603,2.0,1.0,9.0,2.0,1.0,1.0,157,2826,53909,2086.5,1549.7999999999997,21.0,8297,-27.700000000000273,20877,8,1.5543859649122806,16
1,26,8,37,41303,52580,3,475,0.0,2.0,4.0,0.0,0.0,0.0,95,3262,12095,2268.8999999999996,1433.6000000000001,-148.39999999999964,7272,193.29999999999995,19788,18,7.221153846153846,6
1,29,12,57,54443,79103,9,579,1.0,2.0,9.0,2.0,1.0,1.0,166,3012,54209,2218.7000000000003,1346.3,70.0,11482,64.19999999999982,12521,17,6.028735632183908,36
1,31,17,50,50842,70325,9,461,1.0,2.0,9.0,2.0,1.0,1.0,153,2976,36804,1916.5,1609.6,4.600000000000364,11614,391.5,9084,14,3.409867172675522,56
1,38,28,68,71523,123964,10,767,0.0,3.0,10.0,2.0,1.0,0.0,180,3243,57641,2192.7,1347.8999999999999,-69.79999999999973,5789,-14.600000000000136,8950,10,1.9172932330827066,-41
1,37,17,60,52699,86187,8,520,0.0,4.0,9.0,2.0,1.0,0.0,129,1691,42688,2305.6,1652.6000000000001,125.19999999999982,7994,204.80000000000018,27584,20,4.732198142414861,23
1,36,29,61,58303,73527,8,539,1.0,0.0,8.0,1.0,0.0,1.0,116,1997,20278,2169.9,1524.6,139.80000000000018,10785,89.5,-6408,8,1.372605363984674,-1
1,25,17,24,56468,79658,6,676,1.0,4.0,8.0,1.0,0.0,1.0,187,3780,47896,1757.3000000000002,1380.6,-65.40000000000009,7226,115.49999999999977,1208,8,1.1623529411764706,5
1,29,22,40,66383,90195,10,826,0.0,3.0,11.0,1.0,0.0,0.0,161,3744,32856,1902.3,1322.2000000000003,13.599999999999909,8850,-69.09999999999945,2591,7,1.3777429467084639,-27
1,30,24,51,69564,108795,7,894,1.0,3.0,8.0,1.0,0.0,1.0,255,3787,43126,2027.2,1171.6999999999998,14.599999999999909,5165,-43.40000000000032,-1281,6,1.375,-1
1,39,16,71,64906,99458,11,670,1.0,3.0,11.0,3.0,1.0,1.0,202,3593,59173,2232.3,1385.4,131.0,15046,88.30000000000018,28102,23,5.618589743589744,37
1,46,35,88,71782,132615,7,693,2.0,3.0,7.0,1.0,0.0,1.0,203,2652,82771,2043.1000000000001,1403.8,183.80000000000018,5251,-409.4000000000001,18118,11,1.7416149068322984,-34
1,41,38,79,81788,135982,8,860,1.0,2.0,10.0,2.0,1.0,0.0,245,3695,59503,2024.4999999999998,1349.0,104.0,3598,47.0,-1812,3,0.40179717586649577,-31
1,18,9,22,52958,50743,9,694,1.0,3.0,9.0,2.0,1.0,1.0,186,2354,54344,2270.2999999999997,1392.6,-122.40000000000009,12944,268.5999999999999,7002,9,3.166666666666667,114
1,30,14,42,48112,58599,9,465,0.0,2.0,9.0,1.0,1.0,0.0,109,2506,26809,2639.8,1440.1,227.0,13136,122.90000000000009,12290,16,4.242857142857143,29
1,24,16,29,52064,79231,9,642,1.0,3.0,10.0,2.0,1.0,1.0,119,4151,50473,2138.9,1352.8000000000002,129.80000000000018,10276,208.5,23370,9,1.5208333333333333,18
1,29,27,49,58698,98171,7,598,1.0,2.0,7.0,1.0,1.0,1.0,153,2960,40326,1989.2000000000003,1383.9,148.80000000000018,2614,99.0,25419,2,0.7854406130268199,2
1,24,11,39,42939,61982,3,512,0.0,2.0,4.0,0.0,1.0,0.0,144,2409,29061,2027.0,1371.2000000000003,-59.80000000000018,6767,181.10000000000014,19641,13,4.8522727272727275,51
1,40,15,50,55484,66826,9,528,0.0,2.0,9.0,1.0,0.0,0.0,150,2801,45609,2338.3,1719.6,-73.79999999999973,12387,511.9000000000001,25418,25,5.225,31
1,30,13,55,56520,78011,7,647,0.0,3.0,8.0,1.0,1.0,0.0,228,3206,43221,2193.5,1360.2,204.0,12158,147.4000000000001,22591,17,5.371794871794871,85
1,36,24,39,61545,92645,9,613,1.0,2.0,9.0,2.0,1.0,1.0,170,4272,56140,2299.0,1370.7,55.40000000000009,9056,119.10000000000014,514,12,1.2638888888888888,33
1,25,9,32,34463,38740,1,381,0.0,2.0,1.0,0.0,1.0,0.0,88,2165,11224,0.0,0.0,-214.4000000000001,6535,-1205.7999999999997,10280,16,5.733333333333333,28
1,29,25,54,64186,106030,8,760,1.0,2.0,9.0,3.0,1.0,1.0,194,4441,32610,1995.5,1481.8000000000002,108.20000000000027,7288,177.60000000000036,19557,4,1.009655172413793,-16
1,30,4,23,36888,43813,5,390,0.0,2.0,6.0,1.0,1.0,0.0,70,620,19158,0.0,0.0,107.20000000000027,17969,-1138.6999999999998,21635,26,13.016666666666667,35
1,12,4,12,34136,25768,5,469,0.0,1.0,5.0,0.0,1.0,0.0,81,1454,15348,0.0,0.0,-19.75,9230,-1238.3,6342,8,5.416666666666667,18
1,22,20,50,63938,66292,8,844,0.0,2.0,8.0,1.0,1.0,0.0,218,4481,51216,1889.0,1376.8,-50.80000000000018,2368,-98.40000000000009,4973,2,1.5545454545454547,-58
1,40,23,52,64357,82269,11,670,2.0,3.0,11.0,3.0,0.0,1.0,172,3392,72715,2179.3,1447.9999999999998,-130.5999999999999,8637,-10.900000000000318,17393,17,2.65,37
1,25,21,39,62106,99240,8,685,2.0,2.0,9.0,1.0,1.0,1.0,200,3941,50874,2135.8,1220.7,46.79999999999973,7710,-178.29999999999995,18585,4,0.6476190476190475,24
1,27,26,48,62044,110581,9,737,0.0,4.0,9.0,1.0,1.0,0.0,260,4063,59559,2027.7,1338.7,196.0,713,-17.299999999999955,17438,1,0.0698005698005697,24
1,29,15,69,59908,89250,7,607,1.0,4.0,7.0,2.0,1.0,1.0,231,3979,67581,1940.3999999999999,1335.4,100.80000000000018,8471,16.600000000000136,2776,14,4.87816091954023,30
1,22,4,36,38571,31256,10,417,0.0,2.0,10.0,2.0,1.0,0.0,60,2872,17396,0.0,0.0,192.0,17698,-1170.4,16584,19,14.272727272727273,20
1,25,11,32,48791,46601,11,552,1.0,3.0,11.0,4.0,1.0,1.0,122,3835,48452,2372.4,1645.7,54.40000000000009,12426,259.79999999999995,11963,14,3.9418181818181814,30
1,42,32,74,74408,114625,7,711,2.0,2.0,8.0,1.0,1.0,1.0,245,3616,62751,2433.4,1465.1,-69.0,9511,19.799999999999955,12710,10,1.6726190476190477,87
1,14,5,22,37087,29320,6,507,0.0,1.0,6.0,0.0,1.0,0.0,96,2185,31594,0.0,0.0,-48.79999999999973,9997,-1132.7,6924,9,6.628571428571429,32
1,29,27,49,58698,98171,7,598,1.0,2.0,7.0,1.0,1.0,1.0,153,2960,40326,1989.2000000000003,1383.9,148.80000000000018,2614,99.0,25419,2,0.7854406130268199,2
1,30,15,28,52291,74427,11,544,1.0,3.0,11.0,3.0,1.0,1.0,147,3794,54035,2373.2,1563.2,79.60000000000036,14207,190.79999999999995,26894,15,2.8,52
1,27,18,51,57967,89149,9,654,1.0,2.0,9.0,2.0,0.0,1.0,191,3326,49365,2220.0,1203.3999999999999,-90.19999999999982,11087,-119.70000000000027,26634,9,2.7407407407407405,53
1,10,2,9,28230,21515,6,352,0.0,2.0,6.0,1.0,1.0,0.0,66,640,17876,0.0,0.0,134.5999999999999,10876,-1017.6,7646,8,9.1,32
1,22,20,36,69761,74068,8,881,2.0,3.0,8.0,1.0,0.0,1.0,197,6608,67025,1967.9,1141.8,46.80000000000018,256,-246.50000000000023,-32265,2,0.08181818181818157,-58
1,25,11,34,39481,57352,4,427,0.0,3.0,4.0,0.0,1.0,0.0,92,2831,40944,0.0,0.0,235.5999999999999,9295,-1387.9,18444,14,4.123636363636363,23
1,27,28,49,68425,117537,9,769,1.0,5.0,9.0,2.0,1.0,0.0,214,3203,70010,2025.8999999999999,1542.0,82.40000000000009,6314,196.19999999999982,30306,-1,0.07142857142857162,11
1,24,15,38,54509,86568,9,639,1.0,3.0,9.0,2.0,1.0,1.0,142,4164,59212,1991.7,1492.0,124.19999999999982,9674,166.20000000000005,10315,9,2.5500000000000007,43
1,32,24,42,59092,92386,10,580,1.0,4.0,10.0,2.0,1.0,1.0,169,3195,67329,2338.5,1662.4,54.80000000000018,14455,153.70000000000005,17724,8,0.9270833333333335,23
1,26,20,38,48322,64442,4,521,1.0,3.0,4.0,0.0,1.0,1.0,141,2863,45725,2246.7,1502.1,-9.199999999999818,5188,153.0999999999999,8948,6,0.9692307692307693,34
1,1,1,1,5237,1651,0,44,0.0,0.0,0.0,0.0,0.0,0.0,2,0,747,0.0,0.0,-34.0,832,0.0,321,1,2.0,-1
1,22,16,50,42677,48652,7,460,0.0,1.0,7.0,1.0,1.0,0.0,120,2301,26923,2195.9,1262.2,161.39999999999964,6295,-183.29999999999995,584,6,2.590909090909091,35
1,11,2,13,30663,20380,3,440,0.0,2.0,3.0,0.0,1.0,0.0,78,347,17183,0.0,0.0,98.80000000000018,8666,-1283.3000000000002,7774,9,11.727272727272727,21
1,21,10,45,45059,49462,9,490,0.0,3.0,9.0,2.0,1.0,0.0,104,2033,37616,2426.4,1457.1999999999998,-192.20000000000027,12191,155.5,8245,11,5.409523809523809,47
1,24,3,27,39005,39708,9,444,0.0,2.0,9.0,2.0,1.0,0.0,82,3071,18955,0.0,0.0,71.0,15727,-1109.3,14257,21,16.75,35
1,36,30,56,65377,113265,8,649,2.0,2.0,9.0,1.0,0.0,1.0,194,2969,61480,2256.5,1302.7,159.79999999999973,6811,-146.19999999999982,10036,6,0.6500000000000004,12
1,26,14,39,50499,61529,5,546,1.0,3.0,5.0,0.0,1.0,1.0,119,3458,48967,2484.8999999999996,1318.6,50.0,8665,24.09999999999991,11930,12,3.4120879120879124,33
1,17,7,11,35458,34589,5,453,0.0,1.0,5.0,1.0,1.0,0.0,80,2527,14142,0.0,0.0,-108.0,8957,-1184.5,14147,10,3.0588235294117645,3
1,22,8,31,42887,43448,5,475,0.0,1.0,5.0,0.0,1.0,0.0,110,2918,37455,2301.3,1479.8,18.0,10250,183.29999999999995,12497,14,5.8522727272727275,20
1,42,28,77,61856,96877,6,633,1.0,4.0,7.0,1.0,0.0,1.0,199,2686,55252,2365.8,1512.3,-24.59999999999991,8336,-193.30000000000018,20844,14,2.583333333333333,92
1,31,21,62,52937,82164,7,516,1.0,2.0,7.0,1.0,0.0,1.0,117,2281,28861,2535.3,1454.3,63.40000000000009,12743,130.5,29684,11,3.0414746543778803,19
1,24,9,33,55285,65299,10,662,1.0,4.0,10.0,2.0,1.0,1.0,163,4490,59952,2267.0,1465.4,-29.59999999999991,15432,260.5000000000002,20221,15,5.166666666666666,62
1,14,5,16,40089,41843,5,547,0.0,3.0,5.0,0.0,1.0,0.0,107,1750,28510,2234.7999999999997,1266.7000000000003,207.20000000000027,8359,75.10000000000014,14709,9,5.142857142857143,38
1,31,23,69,63366,120096,8,645,2.0,2.0,8.0,1.0,0.0,1.0,177,3491,67056,2282.7999999999997,1273.8999999999999,155.4000000000001,8933,-92.0,19618,8,2.1865357643758765,-14
1,24,14,55,59054,70212,9,669,1.0,3.0,10.0,1.0,0.0,1.0,183,4719,68047,2318.0,1340.2,35.59999999999991,10600,-83.20000000000005,7843,10,4.101190476190476,60
1,51,34,79,73401,123607,9,617,2.0,2.0,9.0,2.0,0.0,1.0,243,3295,59594,2147.2000000000003,1224.4,8.799999999999727,8759,-303.0999999999999,20038,17,2.4196832579185523,49
1,47,36,82,72654,137698,8,679,1.0,2.0,9.0,2.0,1.0,1.0,194,2333,49193,2079.9,1575.4,-86.59999999999991,9990,48.600000000000364,25454,11,1.9237588652482271,0
1,25,14,49,53433,56204,4,628,1.0,1.0,4.0,0.0,0.0,1.0,163,3344,27553,1740.0,1292.5,44.75,3791,-19.0,3112,11,3.565714285714286,12
1,32,20,46,51069,63249,9,494,0.0,1.0,9.0,3.0,0.0,0.0,163,3279,37707,2334.7000000000003,1593.1999999999998,30.800000000000182,3725,269.9999999999998,9864,12,2.05625,56
1,22,18,41,55014,77172,6,735,0.0,2.0,7.0,1.0,0.0,0.0,212,3296,24494,2002.1,1408.8,103.40000000000009,2938,-182.10000000000014,15373,4,1.7727272727272727,32
1,25,14,27,46094,56804,5,499,0.0,1.0,6.0,0.0,1.0,0.0,140,2734,29438,2261.8999999999996,1508.5,-51.600000000000364,9700,146.39999999999986,11560,11,2.7142857142857144,41
1,27,11,43,43135,49786,9,473,0.0,2.0,9.0,2.0,1.0,0.0,94,2128,8647,0.0,0.0,238.0,13880,-1320.1999999999998,16030,16,5.437710437710438,37
1,21,10,45,45059,49462,9,490,0.0,3.0,9.0,2.0,1.0,0.0,104,2033,37616,2426.4,1457.1999999999998,-192.20000000000027,12191,155.5,8245,11,5.409523809523809,47
1,28,18,67,52701,83195,6,523,0.0,3.0,6.0,1.0,0.0,0.0,174,3700,42527,1937.9999999999998,1177.4,91.19999999999982,6350,-227.69999999999982,19788,10,3.492063492063492,23
1,29,10,38,53293,61224,6,540,1.0,3.0,6.0,1.0,1.0,1.0,135,1968,46808,2456.3999999999996,1301.1,68.0,16454,-17.700000000000273,21626,19,5.906896551724138,26
1,51,36,79,85105,173366,10,786,3.0,2.0,10.0,3.0,0.0,1.0,263,3054,88113,1871.9,1516.6999999999998,8.599999999999909,9559,76.19999999999982,48026,15,1.7875816993464053,23
1,42,30,64,79521,139990,8,892,2.0,4.0,8.0,1.0,1.0,1.0,240,2755,72627,2088.1,1591.7999999999997,5.399999999999636,6765,94.59999999999991,20759,12,1.8428571428571427,32
1,23,13,43,51190,73827,9,601,1.0,2.0,10.0,2.0,1.0,1.0,171,1900,45957,2307.3,1172.1,5.200000000000273,13134,-222.30000000000018,28750,10,3.816053511705685,72
1,42,31,49,56908,92138,5,557,1.0,2.0,6.0,1.0,1.0,1.0,105,1764,34239,2716.2,1514.7,70.80000000000018,11013,-5.2999999999999545,17868,11,1.2211981566820278,-4
1,24,14,24,49825,52070,8,591,1.0,4.0,9.0,1.0,1.0,1.0,124,2027,54787,2499.1,1257.3999999999999,175.20000000000027,11296,-170.80000000000018,5254,10,2.0535714285714284,50
1,33,15,38,52999,79159,8,555,1.0,2.0,9.0,2.0,1.0,1.0,144,3431,47494,2360.2,1558.0,-114.19999999999982,13916,376.79999999999995,27722,18,3.7333333333333334,37
1,22,4,49,50329,45279,9,592,1.0,3.0,9.0,2.0,1.0,1.0,107,1798,58043,2284.3999999999996,1392.6,8.599999999999909,15406,125.20000000000005,13759,18,17.204545454545453,4
1,25,20,50,55264,68990,8,591,1.0,1.0,9.0,1.0,0.0,1.0,151,3242,39137,1911.5,1428.6999999999998,15.599999999999909,5172,195.39999999999986,7640,5,1.95,-14
1,42,21,76,65439,122374,4,671,1.0,2.0,5.0,1.0,1.0,1.0,197,5062,57757,2083.6,1563.2,-22.399999999999636,9776,448.70000000000005,23397,21,4.285714285714286,43
1,27,24,58,55225,65697,5,699,0.0,0.0,6.0,1.0,0.0,0.0,162,2360,12541,2043.6999999999998,1140.4,-51.19999999999982,-1178,-382.89999999999986,-18540,3,1.3194444444444442,19
1,35,21,45,51009,71847,9,490,1.0,1.0,9.0,1.0,1.0,1.0,110,2328,19608,2630.6,1376.3,6.0,8506,-123.70000000000005,9186,14,2.695238095238095,14
1,35,26,62,72434,117642,10,699,2.0,3.0,10.0,2.0,1.0,1.0,249,3174,89247,2241.2999999999997,1332.9999999999998,204.0,9525,-163.90000000000032,22680,9,1.787912087912088,44
1,38,19,50,63654,87327,9,615,1.0,4.0,10.0,2.0,0.0,1.0,143,3322,58249,2321.4000000000005,1346.8999999999999,-29.199999999999818,16169,89.59999999999991,23742,19,3.421052631578948,20
1,21,9,33,34812,38661,3,384,0.0,1.0,3.0,0.0,1.0,0.0,74,2553,13695,0.0,0.0,5.0,7033,-1359.7,7068,12,4.857142857142858,11
1,26,8,23,37368,36465,5,372,0.0,2.0,5.0,0.0,1.0,0.0,55,1386,17654,0.0,0.0,87.60000000000036,12009,-1388.3000000000002,4859,18,5.394230769230769,11
1,30,14,37,49653,68895,8,589,1.0,1.0,9.0,2.0,1.0,1.0,121,3538,43093,2178.8,1439.2000000000003,255.80000000000018,9726,202.20000000000027,7096,16,3.8502304147465436,9
1,29,10,52,44059,57078,6,475,0.0,3.0,6.0,1.0,1.0,0.0,107,2321,32931,2507.1,1515.1,-114.40000000000009,10167,249.19999999999982,13724,19,7.3068965517241375,46
1,23,7,27,35945,33675,9,349,0.0,1.0,10.0,1.0,1.0,0.0,55,2223,15508,0.0,0.0,57.79999999999973,15446,-1323.2,11890,16,6.360248447204969,19
1,16,11,12,31997,30454,3,367,0.0,2.0,3.0,0.0,1.0,0.0,78,2298,19935,0.0,0.0,-15.599999999999909,5088,-1464.1000000000001,6859,5,1.0454545454545454,18
1,46,31,99,66122,114662,8,608,1.0,3.0,8.0,1.0,0.0,1.0,162,2927,40393,2115.0,1226.6999999999998,-72.20000000000027,7867,-349.60000000000014,13902,15,2.8078541374474053,-36
1,34,17,46,59237,71663,10,607,1.0,4.0,11.0,3.0,1.0,1.0,170,2923,53952,2069.5,1544.3000000000002,5.800000000000182,14537,406.9000000000003,13736,17,3.7058823529411766,0
1,29,13,51,54946,61945,7,623,1.0,3.0,7.0,1.0,0.0,1.0,180,3443,41807,1954.4,1287.3,155.4000000000001,8650,-120.30000000000018,10749,16,5.119363395225465,76
1,27,5,36,42661,50682,10,491,0.0,2.0,10.0,2.0,1.0,0.0,71,2791,19176,0.0,0.0,82.79999999999973,15461,-1229.3000000000002,20632,22,12.192592592592593,-7
1,31,25,39,58616,78860,9,607,1.0,2.0,11.0,3.0,0.0,1.0,139,3009,40875,2091.2,1323.9,-51.19999999999982,9960,-67.40000000000009,3237,6,1.058064516129032,21
1,36,23,48,56971,77021,8,550,1.0,3.0,11.0,2.0,1.0,1.0,129,3332,48016,2089.8,1543.0,-21.399999999999636,9396,286.20000000000005,7588,13,2.291062801932367,28
1,24,16,36,49149,74028,4,537,0.0,3.0,5.0,1.0,1.0,0.0,144,2691,45759,2027.8000000000002,1326.6,35.19999999999982,8567,3.900000000000091,24575,8,2.25,36
1,30,20,59,50670,97750,7,490,0.0,2.0,7.0,1.0,1.0,0.0,152,3006,17077,1848.8000000000002,1428.8000000000002,23.800000000000182,8617,179.10000000000014,29212,10,2.9833333333333334,66
1,16,9,22,36348,41954,5,437,0.0,1.0,5.0,0.0,1.0,0.0,82,2276,10884,0.0,0.0,-112.0,8254,-1379.3999999999999,8290,7,3.1597222222222223,14
1,13,5,15,24607,19313,6,262,0.0,0.0,6.0,1.0,1.0,0.0,27,1836,7188,0.0,0.0,196.79999999999973,9682,-1066.1000000000001,6886,8,4.8307692307692305,0
1,33,25,45,61398,78602,9,703,1.0,0.0,10.0,2.0,0.0,1.0,143,3227,37245,2466.7,1387.7,-79.59999999999991,7461,-229.20000000000005,16023,8,1.301818181818182,-25
1,42,31,63,64752,91015,9,590,1.0,3.0,10.0,3.0,1.0,1.0,112,2044,62683,2876.7999999999997,1506.3000000000002,9.0,13152,-127.0,15365,11,1.5061443932411676,-26
1,13,3,29,28712,29124,0,390,0.0,1.0,1.0,0.0,1.0,0.0,70,2208,12638,0.0,0.0,91.20000000000027,6037,-1188.2,10931,10,13.538461538461538,22
1,34,23,50,55546,76142,10,560,1.0,1.0,10.0,2.0,0.0,1.0,106,2370,18293,2456.5,1377.9,-30.0,10840,-38.299999999999955,9781,11,1.975703324808184,-12
1,36,21,68,63618,88821,8,622,2.0,3.0,8.0,2.0,1.0,1.0,185,3965,71190,2463.2999999999997,1562.5,-11.599999999999909,8250,240.5999999999999,3466,15,3.174603174603175,38
1,37,23,57,52732,80938,8,461,1.0,1.0,8.0,2.0,1.0,1.0,105,2869,35138,2718.8999999999996,1580.5000000000002,139.80000000000018,11243,226.20000000000027,6035,14,2.4112808460634554,20
1,26,24,40,46288,63442,5,500,1.0,2.0,5.0,0.0,1.0,1.0,137,1922,48563,2184.2,1561.8,44.600000000000364,8652,143.9000000000001,5378,2,1.0192307692307692,52
1,26,11,23,35946,42431,3,378,0.0,2.0,3.0,0.0,1.0,0.0,52,2053,15022,0.0,0.0,-49.19999999999982,9974,-1365.9,16363,15,3.6468531468531467,5
1,17,8,28,38484,48760,4,461,0.0,3.0,4.0,0.0,1.0,0.0,93,2435,39257,1912.7,1364.6000000000001,-84.79999999999973,5669,113.70000000000005,15392,9,4.6838235294117645,1
1,28,5,74,50258,66022,8,478,1.0,1.0,8.0,1.0,1.0,1.0,148,1971,25910,2284.9,1401.1,-57.40000000000009,12896,220.39999999999986,24274,23,20.007142857142856,34
1,19,10,12,32508,42325,2,368,0.0,2.0,2.0,0.0,1.0,0.0,68,2531,22347,0.0,0.0,-27.0,5738,-1332.5,15041,9,2.1,26
1,26,20,44,60811,81255,4,703,2.0,2.0,5.0,0.0,0.0,1.0,192,3073,48709,1679.3,1415.6999999999998,-31.199999999999818,3821,174.59999999999968,9443,6,1.3461538461538463,-10
1,32,21,62,68002,91738,11,683,2.0,1.0,11.0,3.0,0.0,1.0,196,4044,47200,2097.1,1219.9,320.4000000000001,8019,-112.09999999999991,6352,11,2.7886904761904763,30
1,23,20,37,66742,78362,7,856,0.0,4.0,7.0,2.0,1.0,0.0,236,4315,45323,1907.1999999999998,1369.3,-6.599999999999909,2074,50.09999999999991,-22821,3,0.7391304347826089,11
1,26,11,34,44359,46377,9,461,0.0,3.0,9.0,1.0,1.0,0.0,74,2549,30555,0.0,0.0,-72.59999999999991,14137,-1194.8000000000002,3497,15,4.3006993006993,13
1,1,1,1,5076,2319,0,46,0.0,0.0,0.0,0.0,0.0,0.0,1,0,0,0.0,0.0,25.200000000000273,1029,0.0,855,1,2.0,-2
1,24,11,44,44874,51151,9,459,0.0,2.0,9.0,1.0,1.0,0.0,110,2711,35336,0.0,0.0,99.40000000000009,14011,-1313.6,25757,13,5.140151515151515,47
1,27,23,61,50925,79333,6,542,1.0,2.0,6.0,1.0,0.0,1.0,159,2463,35328,1618.9,1371.3,12.199999999999818,2033,9.400000000000091,21576,4,1.8631239935587762,51
1,36,25,63,57401,80429,9,533,1.0,3.0,9.0,1.0,1.0,1.0,141,3050,61041,2282.2000000000003,1258.0,53.20000000000027,6933,-104.09999999999991,-3330,11,2.043333333333333,5
1,31,17,62,54330,85951,2,557,0.0,3.0,3.0,0.0,0.0,0.0,191,3219,34316,2346.6,1318.0,132.39999999999964,5359,-102.0,28004,14,4.180265654648957,57
1,33,28,40,60921,87390,10,608,1.0,1.0,10.0,2.0,0.0,1.0,152,2881,36709,2021.7,1460.9,6.400000000000091,10573,21.700000000000045,14919,5,0.6071428571428572,-8
1,28,18,54,51269,62622,7,564,1.0,1.0,7.0,1.0,1.0,1.0,106,2439,24632,2286.9,1287.1000000000001,-132.5999999999999,8671,-217.09999999999968,297,10,3.0383141762452106,-39
1,30,31,52,70019,118296,6,770,1.0,4.0,7.0,1.0,0.0,0.0,208,2488,61814,1675.0,1271.8,95.20000000000027,2720,-132.4000000000001,35866,-1,0.04516129032258043,-45
1,28,27,51,68658,107265,5,789,2.0,3.0,5.0,1.0,1.0,1.0,222,3439,57653,1717.2999999999997,1324.0,39.80000000000018,4674,-22.0,-6567,1,0.46164021164021163,-63
1,35,18,61,52183,71121,8,453,1.0,3.0,9.0,1.0,1.0,1.0,110,2722,59181,2145.4,1584.5,124.39999999999964,10147,298.5,6526,17,4.0476190476190474,-25
1,31,22,46,54577,77899,7,583,1.0,1.0,7.0,1.0,0.0,1.0,132,2381,39298,2240.4,1262.4,67.39999999999964,10645,-81.69999999999982,10460,9,1.8225806451612903,9
1,39,22,61,58179,79883,8,528,1.0,3.0,10.0,2.0,1.0,1.0,134,3992,55041,2083.2,1512.4,-57.80000000000018,13554,250.5,8779,17,3.1351981351981353,-1
1,35,23,34,70618,98899,8,788,2.0,4.0,8.0,1.0,1.0,1.0,199,4639,81186,2461.4,1374.0000000000002,30.59999999999991,14091,51.20000000000027,-2729,12,1.4,-5
1,26,21,43,58494,78149,8,701,1.0,4.0,8.0,1.0,0.0,1.0,135,3393,53930,1943.3999999999999,1234.4,125.80000000000018,4211,-33.799999999999955,-3571,5,0.7857142857142856,-29
1,28,10,38,53862,69746,10,642,1.0,3.0,10.0,2.0,1.0,1.0,135,4169,53401,2409.8,1336.3,-171.0,14910,151.49999999999977,20431,18,5.957142857142856,25
1,27,16,30,46840,56177,8,554,0.0,1.0,8.0,1.0,1.0,0.0,90,2388,33121,2145.6,1421.1,120.0,7849,29.799999999999727,6608,11,2.0810185185185186,-16
1,20,6,25,30732,33238,2,354,0.0,1.0,2.0,0.0,1.0,0.0,71,1399,15514,0.0,0.0,131.20000000000027,8629,-1183.0,11439,14,6.85,15
1,23,9,34,40919,53226,3,495,0.0,3.0,3.0,0.0,1.0,0.0,103,3435,37737,2146.4,1470.8000000000002,184.80000000000018,9605,276.3000000000002,14275,14,5.550724637681159,26
1,26,14,25,38758,43508,6,353,0.0,2.0,6.0,0.0,1.0,0.0,50,1951,21764,0.0,0.0,141.0,10024,-1476.1,12694,12,2.604395604395604,10
1,44,31,54,65525,117237,9,623,1.0,4.0,11.0,4.0,1.0,1.0,174,2450,60692,2197.7,1873.0,228.60000000000036,13107,486.29999999999995,24738,14,1.343108504398827,68
1,34,17,57,56637,87245,9,600,0.0,1.0,9.0,2.0,1.0,0.0,149,3546,32730,2343.9,1336.4,78.20000000000027,13402,167.79999999999995,19894,17,4.147058823529411,1
1,42,30,72,64181,102334,10,591,1.0,3.0,10.0,1.0,0.0,1.0,167,2203,47205,2348.2,1559.5,29.199999999999818,10293,147.9000000000001,19742,12,2.0857142857142854,19
1,10,4,13,22499,15466,5,254,0.0,0.0,5.0,1.0,1.0,0.0,39,2391,9459,0.0,0.0,7.200000000000273,7391,-1036.9,5347,7,5.25,17
1,30,30,44,57457,79776,8,555,1.0,2.0,8.0,2.0,1.0,1.0,190,2679,42429,2248.2,1489.6,144.4000000000001,6073,51.79999999999973,5793,0,-0.6999999999999997,15
1,32,23,62,56023,78815,7,554,0.0,3.0,7.0,1.0,1.0,0.0,173,2968,39242,1755.6,1617.3999999999999,-81.20000000000027,4267,196.39999999999986,19920,9,2.274456521739131,36
1,37,22,93,55181,111683,9,470,1.0,4.0,9.0,3.0,1.0,1.0,154,3524,59095,2003.0,1443.4,100.19999999999982,7148,-3.800000000000182,35973,15,3.963144963144963,61
1,44,58,78,91015,176090,11,839,3.0,4.0,11.0,5.0,1.0,1.0,270,3271,100782,2006.9,1338.2000000000003,16.199999999999818,336,-253.79999999999973,-39258,-14,-1.7147335423197494,51
1,22,8,19,32860,34904,3,416,0.0,1.0,3.0,0.0,0.0,0.0,61,1750,10283,0.0,0.0,-77.0,6202,-1414.6999999999998,16959,14,4.215909090909091,-2
1,23,7,22,37727,35652,9,402,0.0,2.0,9.0,2.0,0.0,0.0,57,2634,11347,0.0,0.0,71.0,11190,-1260.8,11218,17,5.906832298136647,-4
1,36,23,72,60177,98494,8,552,1.0,1.0,9.0,1.0,1.0,1.0,131,2481,48625,2290.0,1449.3000000000002,226.19999999999982,14716,89.20000000000005,27041,14,3.3983548766157465,-4
1,16,8,27,35038,39831,3,431,0.0,3.0,3.0,0.0,1.0,0.0,65,3076,32228,0.0,0.0,-15.799999999999727,5550,-1222.0,5862,8,4.257352941176471,-5
1,27,16,26,54291,61435,10,621,1.0,3.0,11.0,2.0,1.0,1.0,174,3152,47089,2158.1,1546.6,-88.20000000000027,11858,169.0999999999999,5820,11,2.169642857142857,68
1,26,17,45,53187,67902,3,629,1.0,1.0,3.0,0.0,1.0,1.0,162,2267,39891,1962.0,1289.4,24.0,5648,-73.29999999999995,-7840,9,2.29185520361991,8
1,28,29,43,65787,100959,8,734,1.0,4.0,9.0,3.0,1.0,0.0,199,2691,48917,2231.8999999999996,1380.8,38.20000000000027,4163,-192.9000000000001,11887,-1,-0.23029556650246308,8
1,16,14,28,54651,55647,11,699,1.0,1.0,11.0,3.0,0.0,1.0,116,3628,27362,1620.5,1246.0,89.20000000000027,7434,56.79999999999973,-10222,2,0.7053571428571428,-25
1,35,14,63,59871,82651,10,627,1.0,2.0,10.0,2.0,1.0,1.0,176,4989,54389,2200.3,1348.1999999999998,9.0,14489,17.09999999999968,24947,21,5.9714285714285715,38
1,34,12,29,51561,73543,7,574,1.0,3.0,7.0,1.0,1.0,1.0,134,3518,38883,2137.2,1500.0000000000002,-86.40000000000009,12629,166.40000000000032,29992,22,4.573529411764706,-11
1,39,17,54,61921,113669,10,666,0.0,3.0,10.0,3.0,1.0,0.0,166,4778,43358,2161.5,1256.8999999999999,-138.19999999999982,10258,-25.000000000000227,38174,22,4.34238310708899,19
1,24,8,35,39721,39073,6,422,0.0,2.0,6.0,0.0,1.0,0.0,65,2608,33683,0.0,0.0,41.59999999999991,10435,-1405.4,9466,16,6.541666666666667,-17
1,37,20,62,66870,98711,10,722,2.0,4.0,11.0,3.0,0.0,1.0,231,4395,78583,2083.3999999999996,1364.6999999999998,148.0,10220,31.999999999999773,-4926,17,3.4635135135135138,47
1,37,18,55,49095,61508,6,443,1.0,1.0,6.0,0.0,1.0,1.0,123,2092,32128,2684.1,1582.8,-7.400000000000091,13623,-23.40000000000009,10600,19,4.003003003003003,43
1,19,6,43,46175,52572,7,567,1.0,2.0,7.0,1.0,1.0,1.0,124,3393,38918,1979.1999999999998,1384.7,138.79999999999973,12891,280.89999999999986,25538,13,9.583333333333334,27
1,29,12,49,49973,68524,10,524,0.0,2.0,10.0,2.0,1.0,0.0,99,3497,37048,2663.2000000000003,1659.6999999999998,34.59999999999991,13273,403.2999999999997,29627,17,5.189655172413794,6
1,23,10,40,42778,54198,5,593,0.0,2.0,5.0,0.0,1.0,0.0,71,1314,28244,2421.0,1498.2999999999997,-52.20000000000027,12840,227.09999999999968,21202,13,5.3,11
1,20,10,29,34281,35737,4,424,0.0,1.0,4.0,0.0,1.0,0.0,81,1996,24292,0.0,0.0,56.59999999999991,7655,-1285.1,8451,11,3.8500000000000005,21
1,15,8,19,38703,43276,3,532,0.0,3.0,4.0,0.0,1.0,0.0,89,1087,43147,2231.0,1380.3,-33.30000000000018,9320,103.20000000000005,9149,7,3.1166666666666667,5
1,17,8,28,38484,48760,4,461,0.0,3.0,4.0,0.0,1.0,0.0,93,2435,39257,1912.7,1364.6000000000001,-84.79999999999973,5669,113.70000000000005,15392,9,4.6838235294117645,1
1,25,14,46,51989,65655,10,505,1.0,4.0,10.0,2.0,0.0,1.0,142,2951,51265,2211.0,1355.5,10.600000000000364,10270,-31.299999999999955,16366,11,3.831428571428571,43
1,1,2,0,4867,1671,0,37,0.0,0.0,0.0,0.0,0.0,0.0,1,148,559,0.0,0.0,0.599999999999909,-378,0.0,-390,-1,-2.5,0
1,10,5,11,25517,16179,6,304,0.0,1.0,6.0,1.0,1.0,0.0,24,1422,13178,0.0,0.0,-211.0,9701,-1144.8000000000002,6923,5,3.6,6
1,26,19,47,62979,86846,7,712,2.0,4.0,7.0,1.0,0.0,1.0,168,3491,63094,1709.9999999999998,1342.0,90.0,6245,-41.299999999999955,20296,7,2.149797570850202,4
1,38,33,51,58987,94750,9,491,1.0,3.0,9.0,1.0,0.0,1.0,146,1957,56785,2702.3999999999996,1329.8,122.60000000000036,8976,-194.50000000000023,14474,5,0.6969696969696968,34
1,23,10,18,44821,44640,12,525,0.0,1.0,10.0,2.0,1.0,0.0,87,2709,29536,2731.6000000000004,1489.8999999999999,45.19999999999982,12525,246.29999999999973,17419,13,3.18695652173913,8
1,40,33,75,67145,115773,9,596,2.0,4.0,9.0,1.0,1.0,1.0,139,3077,65017,2284.9,1246.3000000000002,48.19999999999982,4935,-252.49999999999977,-1197,7,1.6098484848484849,11
1,27,22,51,61070,91694,9,698,1.0,2.0,9.0,2.0,0.0,1.0,182,4239,42653,2082.3,1332.3,200.5999999999999,7466,54.0,26629,5,1.0269360269360268,45
1,27,19,32,52423,65931,10,549,1.0,3.0,10.0,2.0,1.0,1.0,106,3596,52468,2329.9,1560.1000000000001,-59.0,10138,183.20000000000005,9620,8,1.5126705653021442,-10
1,47,38,55,85707,138291,10,890,2.0,4.0,11.0,3.0,1.0,1.0,265,3002,95434,2507.2,1506.8,-128.5999999999999,8493,39.09999999999991,5075,9,0.8118701007838744,74
1,16,10,16,32445,33023,4,357,0.0,1.0,5.0,1.0,1.0,0.0,54,1880,23618,0.0,0.0,44.79999999999973,9930,-1207.8,12024,6,2.325,18
1,39,41,61,72854,144638,9,590,2.0,4.0,10.0,2.0,1.0,1.0,186,2597,70569,2070.6,1470.8000000000002,16.800000000000182,7982,166.90000000000032,3772,-2,-1.0481550969355848,2
1,37,20,52,59163,81542,7,604,1.0,3.0,7.0,2.0,0.0,1.0,215,3008,50194,2046.8,1644.6999999999998,194.5999999999999,11967,192.09999999999968,15679,17,3.314864864864865,86
1,26,9,28,34746,39687,5,334,0.0,0.0,5.0,0.0,1.0,0.0,53,2125,1675,0.0,0.0,-11.400000000000091,11384,-1341.7,13948,17,5.384615384615385,-13
1,33,17,40,47908,52464,7,499,0.0,1.0,7.0,1.0,1.0,0.0,101,1854,22469,2613.3,1725.3999999999999,153.5999999999999,10906,68.09999999999991,15556,16,3.233511586452763,20
1,14,4,11,22962,17112,5,239,0.0,1.0,5.0,1.0,1.0,0.0,29,1284,11337,0.0,0.0,-25.40000000000009,8964,-1066.6999999999998,3683,10,5.75,18
1,20,7,29,32129,40336,2,359,0.0,1.0,2.0,0.0,1.0,0.0,47,2638,21734,0.0,0.0,-65.20000000000027,7466,-1111.9,13037,13,6.3,1
1,36,17,56,53326,78926,8,478,1.0,0.0,8.0,1.0,1.0,1.0,102,3193,36787,2534.7000000000003,1410.3,-2.400000000000091,15750,144.69999999999982,23313,19,4.189542483660131,0
1,36,26,63,62367,103603,9,639,1.0,3.0,9.0,2.0,0.0,1.0,175,3607,47971,1951.8999999999999,1438.5,31.200000000000273,5310,-123.70000000000005,15347,10,2.002136752136752,38
1,34,14,26,40955,49069,6,405,0.0,2.0,6.0,0.0,1.0,0.0,78,1622,31540,0.0,0.0,147.39999999999964,13332,-1412.1,16791,20,3.4327731092436973,36
1,20,10,39,38246,40979,4,420,0.0,2.0,4.0,0.0,1.0,0.0,97,2479,20030,0.0,0.0,-13.199999999999818,10173,-1289.2,8141,10,4.800000000000001,26
1,29,28,43,52536,80130,8,549,0.0,1.0,9.0,3.0,1.0,0.0,96,2572,28981,2474.0,1353.1999999999998,3.200000000000273,3321,-182.4000000000001,15296,1,0.019704433497536922,-9
1,22,8,37,53278,68643,8,693,1.0,3.0,8.0,1.0,0.0,1.0,151,3169,40067,1879.0,1363.0,122.20000000000027,9399,55.5,17720,14,6.465909090909091,52
1,41,23,69,55592,89303,8,471,0.0,2.0,9.0,2.0,1.0,0.0,136,2969,24930,2611.2,1610.9,-19.200000000000273,11284,327.3000000000002,13856,18,3.0752916224814424,25
1,24,11,26,43276,44206,7,495,0.0,2.0,7.0,1.0,1.0,0.0,98,2875,34671,2524.3,1510.9,9.0,11289,320.10000000000014,3032,13,3.503787878787879,25
1,23,7,30,39116,48949,4,462,0.0,1.0,4.0,0.0,1.0,0.0,93,2653,10978,2189.8,1346.2,97.80000000000018,6690,113.10000000000014,11404,16,6.832298136645963,32
1,33,18,40,55531,70587,7,603,1.0,2.0,8.0,1.0,0.0,1.0,128,2922,45264,2055.6000000000004,1396.6,22.800000000000182,9199,60.30000000000018,14839,15,3.0555555555555554,-26
1,39,18,47,57265,92963,8,525,0.0,1.0,9.0,1.0,1.0,0.0,118,2699,33767,2825.4999999999995,1728.7,-44.0,19444,423.20000000000005,31942,21,3.752136752136752,43
1,34,20,93,61776,104827,7,636,1.0,1.0,7.0,1.0,0.0,1.0,175,4991,35770,1824.0000000000002,1329.6,42.20000000000027,5339,-38.30000000000018,18133,14,4.732352941176471,17
1,39,54,72,72689,125332,7,673,2.0,3.0,7.0,2.0,0.0,1.0,182,1960,32500,2174.6,1258.6,4.600000000000364,-743,-305.6999999999998,-25432,-14,-1.9957264957264957,-40
1,32,38,55,64873,96576,8,646,2.0,0.0,8.0,2.0,0.0,1.0,163,2472,42370,2178.4,1377.0,73.0,3250,-244.19999999999982,7534,-6,-0.1167763157894739,20
1,18,2,21,30098,25391,6,314,0.0,1.0,6.0,1.0,1.0,0.0,51,1206,23141,0.0,0.0,23.800000000000182,11016,-1132.7,6541,16,19.38888888888889,12
1,12,2,24,31270,28399,4,376,0.0,1.0,4.0,0.0,1.0,0.0,65,1379,10342,0.0,0.0,56.59999999999991,10192,-1092.7,8963,10,17.416666666666668,15
1,33,19,36,54320,73735,9,567,1.0,3.0,9.0,1.0,0.0,1.0,110,2785,45501,2359.6,1569.6,130.25,10754,156.0,20333,14,2.267942583732058,-10
1,20,10,28,38158,41305,4,510,0.0,2.0,5.0,1.0,0.0,0.0,86,2770,28508,0.0,0.0,51.59999999999991,6269,-1396.2,12842,10,3.65,3
1,25,11,23,42286,57270,10,450,0.0,2.0,10.0,2.0,1.0,0.0,99,3158,22243,0.0,0.0,45.40000000000009,12188,-1228.8,17770,15,3.6436363636363636,55
1,35,26,60,61985,97848,8,574,1.0,2.0,8.0,1.0,1.0,1.0,159,2986,40655,2144.5,1249.2,134.5999999999999,5121,-145.89999999999986,16890,9,1.9967032967032965,-22
1,45,44,98,86157,208426,7,909,2.0,4.0,7.0,2.0,0.0,0.0,244,3652,69016,2024.7,1212.8,135.60000000000036,2754,-299.20000000000005,-2775,1,0.4277777777777776,-41
1,36,35,47,61156,97665,10,571,1.0,3.0,10.0,2.0,0.0,1.0,145,2455,45928,2427.9,1481.9,93.79999999999973,8153,30.100000000000364,18747,1,0.20476190476190492,32
1,30,4,23,36888,43813,5,390,0.0,2.0,6.0,1.0,1.0,0.0,70,620,19158,0.0,0.0,107.20000000000027,17969,-1138.6999999999998,21635,26,13.016666666666667,35
1,27,10,47,46211,70467,10,464,0.0,2.0,10.0,2.0,1.0,0.0,114,3608,25052,2223.3,1349.0,69.20000000000027,9295,-12.5,26903,17,6.437037037037038,41
1,27,23,47,60242,85932,10,663,1.0,1.0,10.0,2.0,1.0,1.0,170,3487,24369,2125.4,1509.2,129.80000000000018,7531,67.5,15250,4,1.180354267310789,32
1,33,13,46,45972,66801,10,459,0.0,2.0,10.0,2.0,1.0,0.0,89,3301,30368,0.0,0.0,41.19999999999982,16087,-1260.9999999999998,25284,20,5.289044289044289,33
1,34,23,36,50537,70546,8,524,0.0,0.0,9.0,1.0,1.0,0.0,101,2631,27844,2608.8,1498.8999999999999,57.79999999999973,10114,64.69999999999982,3353,11,1.8081841432225065,30
1,36,14,64,49939,66293,9,534,0.0,3.0,9.0,1.0,1.0,0.0,91,1931,37886,2634.6000000000004,1575.5,27.200000000000273,15003,259.5999999999999,20007,22,6.170634920634921,-5
1,34,18,55,53248,66190,9,505,1.0,2.0,9.0,1.0,1.0,1.0,81,3371,51845,2351.4,1744.0,-27.40000000000009,13811,641.8000000000002,12756,16,3.503267973856209,-28
1,6,1,10,20922,10421,5,263,0.0,1.0,5.0,1.0,1.0,0.0,18,1054,12882,0.0,0.0,43.79999999999973,7798,-1010.1,224,5,15.666666666666666,4
1,30,21,34,46857,68065,9,455,0.0,3.0,9.0,2.0,1.0,0.0,93,2952,30390,2383.5,1681.0000000000002,109.0,7448,422.00000000000045,20332,9,1.4142857142857141,10
1,42,19,64,60805,99783,9,652,1.0,4.0,9.0,2.0,1.0,1.0,168,3498,49454,2305.2,1623.8,33.79999999999973,14533,412.9000000000001,16761,23,4.46266829865361,43
1,23,12,41,47265,56346,8,497,1.0,3.0,8.0,1.0,1.0,1.0,82,3335,32113,2352.7,1317.5,-51.19999999999982,13440,123.70000000000005,16078,11,3.8985507246376807,14
1,34,15,57,50461,66762,6,459,1.0,0.0,8.0,1.0,1.0,1.0,107,3643,32069,2257.5,1489.1999999999998,-12.400000000000091,14128,275.4999999999998,15581,19,5.066666666666666,16
1,19,20,28,58765,70193,9,690,2.0,3.0,10.0,2.0,1.0,1.0,168,3427,78158,2106.7,1302.3000000000002,-24.40000000000009,9196,-41.19999999999982,-1874,-1,-0.3868421052631579,20
1,36,19,51,74119,104318,10,808,1.0,4.0,10.0,2.0,1.0,1.0,310,3320,87492,2241.7,1402.3000000000002,125.20000000000027,17278,51.30000000000018,28690,17,3.3845029239766076,105
1,43,31,68,71356,112598,9,720,1.0,3.0,9.0,2.0,0.0,0.0,226,2498,73682,2146.7000000000003,1161.3000000000002,64.79999999999973,8469,-507.5999999999999,7722,12,2.1387846961740435,44
1,30,17,34,41780,52631,3,429,0.0,2.0,3.0,0.0,1.0,0.0,80,1606,19037,0.0,0.0,13.799999999999727,9964,-1561.0,11128,13,2.731372549019608,-10
1,26,10,48,42712,57996,6,500,0.0,2.0,6.0,1.0,0.0,0.0,84,2101,26491,2513.7999999999997,1202.4,49.40000000000009,8249,-159.4000000000001,22726,16,6.476923076923077,12
1,27,14,45,47210,67728,5,499,1.0,2.0,5.0,0.0,0.0,1.0,106,2664,51635,2545.9,1321.3000000000002,60.80000000000018,8562,-297.0999999999997,29315,13,3.957671957671958,26
1,41,26,47,71751,123283,11,743,2.0,2.0,11.0,3.0,0.0,1.0,155,2603,61401,2212.9,1468.7,26.0,11648,252.70000000000005,18100,15,1.5512820512820513,-15
1,24,24,45,61085,88012,7,608,2.0,2.0,7.0,1.0,1.0,1.0,129,4244,50366,1784.5000000000002,1415.3,76.19999999999982,2761,139.0999999999999,4432,0,0.16666666666666652,-43
1,22,14,36,52542,67607,8,621,1.0,3.0,8.0,1.0,0.0,1.0,171,3523,39626,1808.7,1255.4,-42.79999999999973,8755,-70.29999999999995,11408,8,2.597402597402598,31
1,23,8,49,37268,41057,3,387,0.0,2.0,3.0,0.0,1.0,0.0,85,2298,30603,0.0,0.0,-175.5999999999999,7906,-1202.7,8212,15,8.0,15
1,30,21,44,55259,68794,6,563,1.0,4.0,6.0,1.0,1.0,1.0,170,3389,62804,1890.5,1746.6,94.59999999999991,8384,363.0999999999999,-36,10,1.857142857142857,64
1,26,22,46,58694,83281,6,636,1.0,0.0,6.0,0.0,1.0,1.0,143,4657,35765,1668.4,1320.6,179.19999999999982,2045,15.199999999999818,116,5,0.9650349650349654,-17
1,36,27,50,72724,135660,9,851,1.0,4.0,11.0,3.0,1.0,0.0,192,2622,67484,2243.3,1439.7,-1.199999999999818,8471,-172.0,24906,9,1.3743743743743744,3
1,28,20,53,62472,119020,9,735,1.0,2.0,9.0,2.0,0.0,1.0,214,3317,44032,1825.4,1351.3000000000002,14.400000000000091,7305,-43.59999999999991,24163,8,2.0142857142857142,25
1,36,20,57,48595,77549,7,412,0.0,1.0,7.0,1.0,0.0,0.0,124,2225,16205,2315.8999999999996,1509.8999999999999,139.80000000000018,10687,-81.60000000000014,25521,16,3.3722222222222227,35
1,39,28,86,69115,102732,7,758,1.0,3.0,7.0,1.0,0.0,1.0,209,2753,44573,2044.0,1342.6999999999998,94.59999999999991,6652,-174.70000000000027,-5889,11,2.5155677655677655,10
1,25,8,27,38581,34378,6,379,0.0,2.0,6.0,0.0,1.0,0.0,62,1323,22253,0.0,0.0,-121.59999999999991,16507,-1360.1,9919,17,5.74,24
1,23,8,33,46471,54883,7,516,0.0,3.0,7.0,0.0,1.0,0.0,131,2261,41791,2217.4,1512.2000000000003,-58.59999999999991,13398,270.50000000000045,17201,15,6.130434782608695,51
1,18,7,16,31789,27892,7,338,0.0,1.0,7.0,1.0,1.0,0.0,60,1710,16057,0.0,0.0,70.19999999999982,13180,-1178.5,10871,11,4.134920634920634,38
1,24,14,27,51088,67442,6,616,1.0,4.0,6.0,1.0,0.0,1.0,184,3565,57514,1860.0,1236.4,36.399999999999636,6167,69.60000000000014,13950,10,2.5595238095238093,40
1,12,7,7,30897,27042,3,387,0.0,2.0,3.0,0.0,1.0,0.0,54,2050,9720,0.0,0.0,76.19999999999982,4655,-1290.8000000000002,2118,5,1.797619047619048,4
1,26,18,41,59809,90723,9,650,0.0,4.0,9.0,1.0,1.0,0.0,209,5341,60322,2011.6,1423.8999999999999,-16.0,5211,256.20000000000005,-3944,8,1.183760683760684,71
1,35,32,48,64700,89858,9,656,1.0,3.0,9.0,1.0,1.0,1.0,152,2645,70855,2152.5,1373.6999999999998,32.40000000000009,6787,27.999999999999773,-20528,3,0.22232142857142856,-2
1,35,23,34,70618,98899,8,788,2.0,4.0,8.0,1.0,1.0,1.0,199,4639,81186,2461.4,1374.0000000000002,30.59999999999991,14091,51.20000000000027,-2729,12,1.4,-5
1,30,18,51,65313,108573,8,745,1.0,5.0,9.0,1.0,1.0,1.0,155,5343,69476,1865.0,1338.6000000000001,8.800000000000182,8881,43.600000000000136,8723,12,2.966666666666667,6
1,31,12,51,53165,62718,7,642,1.0,3.0,7.0,1.0,1.0,1.0,143,2977,42198,2283.2,1547.3,75.19999999999982,13214,276.89999999999986,9617,19,5.93010752688172,16
1,9,2,10,21514,13743,5,204,0.0,1.0,5.0,1.0,1.0,0.0,27,1089,5880,0.0,0.0,134.0,8837,-922.1,3363,7,9.166666666666666,14
1,19,5,22,38762,43873,5,526,0.0,2.0,5.0,1.0,1.0,0.0,111,1735,28357,2306.1,1304.5,181.5999999999999,8527,103.0,17671,14,7.8315789473684205,20
1,37,20,57,52298,76972,6,502,1.0,3.0,6.0,1.0,1.0,1.0,110,2472,59910,2343.1,1519.5,-7.400000000000091,10688,171.4000000000001,10527,18,3.483783783783784,29
1,33,16,48,48273,69006,10,419,0.0,3.0,11.0,2.0,1.0,0.0,92,2539,39362,2653.8,1567.6,-6.200000000000273,13526,210.0,27559,17,3.850378787878788,28
1,25,16,45,57676,62242,9,642,1.0,1.0,9.0,1.0,1.0,1.0,178,4602,45102,2105.2,1268.0,-12.599999999999909,8651,48.899999999999864,-1424,9,2.535,30
1,41,22,71,55124,82603,8,487,0.0,3.0,8.0,1.0,1.0,0.0,176,2455,43158,2644.6,1552.3000000000002,-12.599999999999909,7618,128.30000000000018,22092,19,3.725055432372505,59
1,27,24,47,54538,71432,4,567,1.0,1.0,5.0,0.0,1.0,1.0,134,2037,36059,2032.8999999999999,1252.7,87.80000000000018,7561,-128.89999999999986,15524,3,0.9722222222222223,1
1,38,26,72,59142,91568,6,515,1.0,3.0,6.0,1.0,0.0,1.0,133,2488,35998,2285.1,1448.5,52.19999999999982,5111,-31.799999999999955,1653,12,2.5465587044534415,-12
1,31,21,52,59408,93219,9,642,1.0,4.0,9.0,2.0,1.0,1.0,113,3004,48807,2135.9,1344.3,83.79999999999973,5836,-127.70000000000005,25416,10,2.2427035330261136,-37
1,24,10,39,48695,53794,9,513,1.0,3.0,9.0,2.0,1.0,1.0,119,3727,42047,2172.7,1391.3,-55.20000000000027,12595,79.49999999999977,16883,14,5.383333333333333,37
1,22,15,49,54889,59907,6,658,1.0,2.0,5.0,0.0,0.0,1.0,147,1937,56234,2272.9,1422.2,14.800000000000182,10451,-8.599999999999909,964,7,3.36969696969697,43
1,41,21,71,59363,109827,9,505,1.0,4.0,10.0,2.0,1.0,1.0,98,3214,55056,2020.9,1379.5,-8.599999999999909,11156,-95.40000000000009,26991,20,4.260162601626016,-35
1,27,26,52,71241,121706,7,867,1.0,2.0,7.0,1.0,0.0,0.0,292,4725,39039,1809.1000000000001,1551.3999999999999,-5.0,5070,236.79999999999973,21898,1,0.5940170940170937,78
1,17,5,19,30384,27307,6,332,0.0,1.0,6.0,1.0,1.0,0.0,46,1700,12732,0.0,0.0,-68.40000000000009,10443,-1313.6,11820,12,6.552941176470588,15
1,9,3,7,30387,27416,4,370,0.0,2.0,4.0,0.0,1.0,0.0,68,900,21104,0.0,0.0,-70.79999999999973,9112,-1146.5,7550,6,4.555555555555555,35
1,29,17,37,58681,77477,9,642,1.0,3.0,9.0,1.0,1.0,1.0,188,2751,45919,2191.6,1499.3,-225.19999999999982,12260,246.20000000000005,854,12,2.4685598377281948,58
1,39,41,61,72854,144638,9,590,2.0,4.0,10.0,2.0,1.0,1.0,186,2597,70569,2070.6,1470.8000000000002,16.800000000000182,7982,166.90000000000032,3772,-2,-1.0481550969355848,2
1,28,23,53,60487,84713,9,680,1.0,3.0,11.0,1.0,0.0,1.0,154,3620,44625,1719.1999999999998,1359.0,-76.59999999999991,6916,-7.400000000000091,7216,5,1.0574534161490683,-25
1,12,2,16,27978,23358,2,348,0.0,1.0,2.0,0.0,1.0,0.0,53,1035,16624,0.0,0.0,-18.40000000000009,6660,-1175.0,8159,10,13.75,4
1,16,6,27,40284,36205,4,494,0.0,2.0,4.0,0.0,1.0,0.0,103,1943,37572,2279.2,1455.3999999999999,39.19999999999982,8949,154.79999999999973,8573,10,6.104166666666667,5
1,24,19,46,47950,60872,6,509,1.0,0.0,7.0,1.0,0.0,1.0,129,2525,27295,1831.0,1304.6,143.80000000000018,3078,-324.60000000000014,6205,5,2.1842105263157894,-19
1,10,4,8,24618,14687,5,271,0.0,1.0,5.0,1.0,1.0,0.0,22,1236,12196,0.0,0.0,61.79999999999973,5277,-1154.3999999999999,1333,6,3.8,-1
1,27,10,33,50610,71988,10,537,1.0,2.0,10.0,2.0,1.0,1.0,113,4090,48028,2409.7,1257.6,98.65000000000009,12942,54.59999999999991,19054,17,4.925925925925926,-1
1,23,17,49,41947,58863,7,401,0.0,2.0,7.0,1.0,1.0,0.0,93,2714,30873,2561.5,1334.1999999999998,-28.399999999999636,8899,-31.299999999999955,14973,6,2.401960784313726,27
1,20,7,25,31761,38798,2,349,0.0,2.0,2.0,0.0,1.0,0.0,51,1907,16264,0.0,0.0,-150.4000000000001,6774,-1340.8,18492,13,5.628571428571429,9
1,37,33,44,57979,114130,8,628,0.0,2.0,8.0,1.0,1.0,0.0,127,3112,17279,2267.0,1522.3,11.800000000000182,2574,31.40000000000009,38856,4,0.049140049140049324,-15
1,23,12,32,58908,79954,4,748,1.0,2.0,4.0,0.0,0.0,1.0,147,3190,50331,2000.8,1279.8999999999999,-9.0,9830,-94.60000000000014,18373,11,3.6702898550724634,-16
1,28,29,43,65787,100959,8,734,1.0,4.0,9.0,3.0,1.0,0.0,199,2691,48917,2231.8999999999996,1380.8,38.20000000000027,4163,-192.9000000000001,11887,-1,-0.23029556650246308,8
1,30,26,56,65124,97262,8,702,0.0,4.0,8.0,1.0,1.0,0.0,223,4360,67842,1941.3000000000002,1253.4,155.0,5891,76.90000000000009,13028,4,0.974358974358974,10
1,24,12,28,48078,48092,7,571,1.0,3.0,8.0,1.0,1.0,1.0,113,3604,49787,2170.4,1722.1999999999998,11.400000000000091,14430,443.9999999999998,5549,12,3.373333333333333,40
1,39,43,57,70380,133546,7,605,1.0,4.0,8.0,1.0,1.0,0.0,209,2790,53775,1702.3999999999999,1501.5,-29.59999999999991,-626,248.70000000000005,-7748,-4,-0.92128801431127,16
1,29,37,47,62873,113975,8,712,0.0,1.0,8.0,1.0,0.0,0.0,174,3562,23605,1940.4,1200.3999999999999,-133.5999999999999,-9572,-172.0,-4801,-8,-1.5666356011183598,-24
1,28,16,47,52527,84710,10,535,0.0,3.0,10.0,2.0,1.0,0.0,101,3297,35582,2334.5,1447.1999999999998,8.0,12179,122.19999999999982,36164,12,3.294642857142857,5
1,41,24,70,63451,112939,9,610,1.0,3.0,9.0,1.0,0.0,1.0,173,3594,52693,2219.7000000000003,1232.0,68.0,9295,-180.0,9739,17,3.125,-26
1,34,26,40,63269,91683,9,662,1.0,4.0,9.0,2.0,1.0,1.0,152,3815,58684,1981.5,1537.6999999999998,4.599999999999909,9670,340.0999999999997,18288,9,1.0520361990950227,3
1,25,7,54,38452,45507,5,412,0.0,2.0,5.0,0.0,1.0,0.0,62,2375,19035,0.0,0.0,78.60000000000036,13683,-1094.6,17370,18,10.725714285714286,20
1,35,19,55,55659,90311,7,547,1.0,3.0,7.0,1.0,1.0,1.0,136,3539,48261,2061.1,1627.4,82.59999999999991,13324,275.20000000000005,29732,17,3.565413533834586,14
1,24,9,44,47022,65685,7,540,1.0,2.0,7.0,1.0,1.0,1.0,137,4953,45943,2380.8,1307.3999999999999,-1.599999999999909,9592,1.4999999999997726,15448,15,6.305555555555555,33
1,12,7,9,27296,28391,2,378,0.0,1.0,2.0,0.0,1.0,0.0,70,943,15268,0.0,0.0,-34.40000000000009,5100,-1246.2,4417,5,1.9166666666666667,20
1,34,21,48,61559,94658,7,600,0.0,2.0,7.0,1.0,0.0,0.0,204,3442,52017,2273.9,1310.4,0.0,9830,-119.29999999999973,26266,14,2.6988795518207285,45
1,32,26,52,70718,114515,10,682,2.0,5.0,10.0,3.0,1.0,1.0,223,3515,91867,1850.4,1625.8000000000002,-22.800000000000182,12196,354.70000000000005,12461,6,0.5745192307692308,26
1,30,14,53,61120,87055,10,682,1.0,3.0,11.0,3.0,0.0,1.0,159,3371,53488,1752.6000000000001,1487.5,-10.0,10781,40.80000000000018,22016,16,4.828571428571429,10
1,36,30,58,68238,104321,7,715,1.0,2.0,7.0,1.0,1.0,0.0,193,5178,30527,2021.8999999999999,1370.1000000000001,152.19999999999982,2275,29.5,22855,6,0.577777777777778,-31
1,18,6,19,36196,39329,9,401,0.0,1.0,9.0,1.0,1.0,0.0,58,1558,19290,0.0,0.0,49.0,16483,-1211.9,16288,12,5.333333333333334,21
1,24,7,33,42512,43182,7,453,0.0,2.0,8.0,1.0,1.0,0.0,94,695,41616,0.0,0.0,104.0,13534,-1260.8,22826,17,7.642857142857142,20
1,23,11,40,43781,50967,6,445,0.0,2.0,6.0,0.0,1.0,0.0,99,2614,28326,2557.5,1321.2,-9.599999999999909,9064,-86.0,13043,12,4.596837944664032,16
1,37,22,93,55181,111683,9,470,1.0,4.0,9.0,3.0,1.0,1.0,154,3524,59095,2003.0,1443.4,100.19999999999982,7148,-3.800000000000182,35973,15,3.963144963144963,61
1,27,17,43,52648,66910,8,561,1.0,1.0,9.0,2.0,1.0,1.0,144,3787,47002,2098.7999999999997,1543.3999999999999,216.4000000000001,9095,285.1999999999998,4846,10,2.6361655773420476,64
1,24,20,39,45854,64254,3,489,1.0,4.0,3.0,0.0,1.0,1.0,127,2141,54871,2028.3000000000002,1466.8000000000002,17.799999999999727,4100,-48.99999999999977,11086,4,1.2333333333333332,22
1,25,18,40,54482,74727,9,652,1.0,4.0,9.0,2.0,1.0,1.0,136,3285,51147,2133.8,1304.5,-180.4000000000001,8484,-118.60000000000014,7648,7,1.7311111111111113,4
1,28,12,33,41844,49412,6,407,0.0,1.0,6.0,0.0,1.0,0.0,66,2288,20797,0.0,0.0,155.5999999999999,11716,-1301.3999999999999,16264,16,4.083333333333333,9
1,37,14,68,57024,87170,7,556,1.0,3.0,7.0,1.0,0.0,1.0,139,5234,50560,2398.2,1396.9999999999998,53.0,10168,187.99999999999977,11276,23,6.662162162162162,23
1,6,4,5,21151,8114,7,210,0.0,1.0,7.0,1.0,1.0,0.0,14,1677,12057,0.0,0.0,-14.199999999999818,9361,0.0,2113,2,1.75,13
1,34,16,42,60414,93320,8,617,1.0,4.0,8.0,3.0,1.0,1.0,169,3224,64180,2080.5999999999995,1344.3,-1.7999999999997272,7350,23.699999999999818,41355,18,3.6911764705882355,33
1,32,15,47,52616,83195,9,487,1.0,3.0,9.0,4.0,1.0,1.0,107,3160,55138,2320.2,1439.9,-36.40000000000009,12476,92.40000000000009,37411,17,4.422916666666667,16
1,41,25,58,64662,106617,8,658,2.0,3.0,7.0,1.0,0.0,1.0,201,2972,55419,1791.3999999999999,1339.2,4.199999999999818,4584,-286.70000000000005,10310,16,2.4721951219512195,13
1,29,13,51,54946,61945,7,623,1.0,3.0,7.0,1.0,0.0,1.0,180,3443,41807,1954.4,1287.3,155.4000000000001,8650,-120.30000000000018,10749,16,5.119363395225465,76
1,32,20,63,58819,81943,5,622,1.0,3.0,5.0,1.0,0.0,1.0,152,3819,54728,2099.1000000000004,1315.3999999999999,-60.19999999999982,7265,-98.70000000000005,8120,12,3.125,-23
1,48,30,63,62822,111635,7,675,0.0,4.0,8.0,1.0,0.0,0.0,175,2924,28342,2020.0,1521.2,62.59999999999991,7726,175.20000000000005,9209,18,2.158333333333333,52
1,26,20,45,62271,73910,10,759,1.0,2.0,10.0,2.0,0.0,1.0,189,4026,43558,2000.8999999999999,1358.0,126.0,9740,9.599999999999909,-13664,6,1.396153846153846,25
1,21,3,32,35127,33838,4,367,0.0,1.0,4.0,0.0,1.0,0.0,71,933,14837,0.0,0.0,239.5999999999999,12298,-1222.5,12352,18,17.333333333333336,18
1,15,18,30,46913,56311,7,602,1.0,0.0,7.0,1.0,0.0,1.0,95,3301,27533,1856.7,1255.0,55.19999999999982,1119,-257.5999999999999,7696,-3,-1.2333333333333334,-41
1,40,28,65,83576,127867,8,832,1.0,5.0,9.0,1.0,0.0,1.0,319,4233,78187,1927.5,1427.1,134.60000000000036,12118,-17.5,31748,12,1.8,56
1,25,15,37,48431,69716,6,546,0.0,2.0,7.0,0.0,1.0,0.0,111,3182,39353,2112.8,1325.8,-112.59999999999991,6436,-5.100000000000136,15783,10,2.7733333333333334,-12
1,22,6,37,49205,54635,5,680,0.0,2.0,5.0,0.0,1.0,0.0,149,3785,27843,2212.5,1359.4,57.0,11360,145.60000000000014,7754,16,9.333333333333334,13
1,37,21,77,74270,103103,7,797,3.0,4.0,8.0,2.0,0.0,1.0,295,3917,94738,1674.9,1434.3,105.80000000000018,9428,-22.5,22957,16,4.158301158301159,67
1,30,22,62,61180,77562,8,695,1.0,1.0,8.0,1.0,0.0,1.0,160,2652,47817,1851.8,1499.8000000000002,110.80000000000018,11165,70.80000000000018,12058,8,2.2818181818181817,-4
1,37,27,48,68651,121359,8,740,1.0,3.0,10.0,1.0,1.0,1.0,146,2950,63414,2408.5,1506.8000000000002,137.0,11923,219.4000000000001,38882,10,0.9859859859859861,-28
1,43,22,83,73540,116651,8,731,2.0,5.0,11.0,3.0,1.0,1.0,183,4006,94524,2453.1,1553.2,28.799999999999727,19408,396.20000000000005,32379,21,4.145877378435518,22
1,38,24,42,61743,107952,9,661,1.0,4.0,11.0,3.0,1.0,1.0,144,3161,52116,2339.0,1532.2,107.59999999999991,10222,203.0999999999999,24474,14,1.5175438596491229,27
1,37,30,52,77943,144089,10,826,2.0,4.0,11.0,4.0,1.0,1.0,271,4234,77759,2033.3999999999999,1423.7,110.19999999999982,6890,-64.20000000000005,37740,7,0.7504504504504506,48
1,23,8,49,37268,41057,3,387,0.0,2.0,3.0,0.0,1.0,0.0,85,2298,30603,0.0,0.0,-175.5999999999999,7906,-1202.7,8212,15,8.0,15
1,30,21,70,65801,101232,8,680,2.0,3.0,8.0,1.0,1.0,1.0,195,3847,63554,1863.0,1300.2000000000003,-102.20000000000027,8463,-104.49999999999977,32051,9,3.095238095238095,-1
1,27,14,45,63950,94165,11,732,1.0,2.0,11.0,4.0,0.0,1.0,219,3526,61630,2021.6,1245.1,-80.59999999999991,6996,85.99999999999977,348,13,3.80952380952381,30
1,36,31,68,62323,104883,6,622,1.0,3.0,7.0,1.0,0.0,1.0,191,2695,36791,2112.3,1346.6999999999998,52.0,5653,72.79999999999973,4148,6,0.7992831541218641,38
1,17,6,18,40280,34376,6,512,0.0,3.0,6.0,0.0,1.0,0.0,74,3093,42753,2173.1,1586.5,116.59999999999991,10498,476.20000000000005,5812,11,5.127450980392156,-2
1,30,24,68,65280,109279,8,726,0.0,4.0,8.0,1.0,0.0,0.0,202,3147,61712,1904.7000000000003,1379.3999999999999,-2.400000000000091,3428,170.49999999999977,13702,6,2.1499999999999995,-7
1,31,23,41,48721,65685,4,499,1.0,2.0,4.0,0.0,1.0,1.0,98,2585,42964,2116.2,1388.3000000000002,248.4000000000001,4493,-93.59999999999968,1781,8,1.0981767180925668,-47
1,29,7,35,38605,43042,3,422,0.0,2.0,3.0,0.0,1.0,0.0,86,1806,34829,0.0,0.0,-78.59999999999991,10846,-1251.2,11511,22,8.556650246305418,39
1,30,14,37,57706,67781,11,630,1.0,4.0,11.0,1.0,1.0,1.0,174,4028,66059,2063.2999999999997,1374.2,-49.59999999999991,14085,105.60000000000014,13351,16,3.4857142857142858,40
1,22,12,37,38527,47492,4,428,0.0,3.0,4.0,0.0,1.0,0.0,89,2403,36233,0.0,0.0,100.79999999999973,8077,-1406.2,6104,10,3.4621212121212124,13
1,25,16,22,44870,52481,9,484,0.0,1.0,9.0,2.0,1.0,0.0,54,2247,27716,2430.2,1394.7,-43.40000000000009,12162,18.799999999999955,9044,9,1.3375,-7
1,24,19,30,58610,69788,11,730,1.0,3.0,11.0,3.0,1.0,1.0,134,2909,57527,2221.6000000000004,1227.0,40.0,12086,-181.30000000000018,-9906,5,0.925438596491228,6
1,19,12,28,40419,39239,8,420,0.0,1.0,9.0,2.0,1.0,0.0,84,2768,24626,2078.1,1569.9,-14.400000000000091,7602,367.29999999999995,2921,7,2.5482456140350873,28
1,31,25,52,56708,77107,5,639,1.0,3.0,7.0,1.0,0.0,1.0,126,2754,42574,2044.1000000000001,1564.2,26.199999999999818,4719,6.7000000000000455,12275,6,1.4167741935483869,-1
1,43,30,60,76658,130942,10,811,2.0,4.0,10.0,2.0,0.0,1.0,280,4142,79388,2074.4,1528.3000000000002,-11.400000000000091,10201,130.90000000000032,30742,14,1.7589147286821702,91
1,29,19,57,52799,75425,6,539,1.0,1.0,7.0,1.0,1.0,1.0,137,4076,42876,1961.1999999999998,1185.4,68.0,8908,-47.5,-601,10,2.733212341197822,33
1,23,7,25,33944,44208,2,404,0.0,2.0,3.0,0.0,0.0,0.0,68,3210,21243,0.0,0.0,-68.20000000000027,7266,-1181.5,17448,16,5.987577639751552,30
1,34,11,30,45849,47751,7,506,0.0,2.0,7.0,1.0,1.0,0.0,60,2367,36472,2555.2,1513.0,-42.0,13826,138.20000000000005,13958,23,5.288770053475936,-22
1,39,27,75,69684,120870,7,639,1.0,5.0,7.0,2.0,1.0,0.0,244,2734,71816,2155.0,1426.6,-6.0,10725,74.0,28737,12,2.5042735042735043,115
1,25,25,42,58707,91298,7,618,1.0,2.0,8.0,1.0,0.0,1.0,138,2483,39340,1854.5,1343.6,102.34999999999991,5739,-117.59999999999991,-1519,1,0.6000000000000001,1
1,23,7,29,40781,42769,6,477,0.0,1.0,6.0,1.0,1.0,0.0,122,3485,32751,0.0,0.0,70.20000000000027,11603,-1225.1,12403,16,6.51552795031056,46
1,37,13,54,57493,78432,10,562,0.0,3.0,11.0,2.0,0.0,0.0,143,2544,34087,2321.9,1569.2999999999997,141.5999999999999,18245,233.29999999999973,25202,24,6.243243243243243,54
1,45,32,82,78044,141839,9,801,2.0,4.0,10.0,1.0,1.0,1.0,287,3278,72497,2169.9,1539.6999999999998,29.59999999999991,7287,265.9999999999998,17525,13,1.96875,68
1,29,18,48,50682,69917,6,503,1.0,4.0,6.0,0.0,1.0,1.0,124,3858,57277,2282.0,1382.4,83.0,6371,91.5,12413,11,2.760536398467433,7
1,37,28,78,61799,117344,7,568,1.0,2.0,7.0,1.0,1.0,1.0,155,3368,51489,1952.4,1458.0,95.60000000000036,8078,305.9000000000001,2915,9,2.0801158301158296,-9
1,27,19,50,57151,85946,7,622,1.0,3.0,8.0,1.0,0.0,1.0,179,4382,38001,1983.9,1275.4,-33.59999999999991,4110,-65.79999999999973,23684,8,2.3489278752436644,33
1,33,16,46,52169,67215,9,528,1.0,2.0,9.0,2.0,0.0,1.0,112,1707,40668,2447.5,1402.3999999999999,6.399999999999636,14764,42.299999999999955,17945,17,4.149621212121212,19
1,40,24,51,65490,122036,10,676,0.0,4.0,10.0,2.0,1.0,0.0,212,3672,70574,2143.9,1422.0,-3.800000000000182,8513,207.20000000000005,34192,17,2.466666666666667,91
1,29,19,43,46072,71617,6,458,0.0,2.0,6.0,1.0,1.0,0.0,138,2720,28656,2247.6,1483.3000000000002,114.39999999999964,8831,133.9000000000001,13615,10,1.8584392014519053,49
1,39,31,94,73998,133140,11,704,2.0,2.0,11.0,3.0,1.0,1.0,225,3241,59557,2247.7,1204.2,-73.40000000000009,9728,-214.0,34617,8,1.931348221670802,35
1,28,12,42,49138,64401,9,533,0.0,3.0,9.0,1.0,1.0,0.0,101,4505,39648,2531.6,1433.4,-39.399999999999636,12442,41.100000000000136,21766,16,4.69047619047619,25
1,21,18,41,53309,78769,8,597,1.0,3.0,8.0,1.0,0.0,1.0,107,2793,54511,1653.5,1288.4,50.40000000000009,5741,-73.40000000000009,13090,3,0.873015873015873,-32
1,20,8,26,42040,40239,4,513,0.0,2.0,4.0,0.0,1.0,0.0,103,1641,42008,2097.1,1550.6999999999998,-51.20000000000027,8044,334.7999999999997,2072,12,4.75,3
1,35,15,59,47935,58619,6,474,0.0,3.0,6.0,1.0,1.0,0.0,110,1529,40015,2147.0,1789.8,13.0,12585,326.20000000000005,10376,21,5.295238095238095,10
1,27,21,30,57226,86781,11,626,1.0,3.0,11.0,2.0,1.0,1.0,127,3465,61497,2187.1,1306.0,-109.0,11433,-12.299999999999727,27475,6,0.9735449735449737,32
1,20,5,27,33763,29010,5,329,0.0,1.0,5.0,1.0,1.0,0.0,58,796,17368,0.0,0.0,30.59999999999991,12352,-1290.6,8310,15,8.950000000000001,13
1,38,20,69,58488,84875,9,561,1.0,4.0,9.0,1.0,1.0,1.0,140,3067,62740,2229.2999999999997,1499.3,122.79999999999973,14424,153.5,10448,18,4.144871794871794,36
1,16,5,20,38977,38337,8,474,0.0,2.0,8.0,1.0,1.0,0.0,83,2010,24132,0.0,0.0,167.5999999999999,10980,-1237.8,15405,11,6.325,18
1,25,25,38,54763,76678,11,501,1.0,2.0,11.0,3.0,1.0,1.0,126,3667,39621,2008.6000000000001,1280.4,48.19999999999982,4144,-289.7999999999997,-101,0,-0.20000000000000018,5
1,25,12,34,46932,61575,9,516,1.0,3.0,9.0,2.0,1.0,1.0,96,3649,45744,2303.7999999999997,1405.6,4.800000000000182,11578,152.5999999999999,15037,13,3.996666666666667,27
1,31,24,51,65072,83949,7,675,2.0,3.0,8.0,1.0,0.0,1.0,191,3397,54096,1543.1,1482.8000000000002,124.60000000000036,4279,77.10000000000036,12183,7,1.5729166666666665,14
1,30,18,45,54434,102744,5,577,1.0,3.0,6.0,1.0,1.0,1.0,129,3734,31588,2083.1000000000004,1229.6,98.80000000000018,8816,-48.100000000000136,26688,13,2.833333333333334,11
1,20,17,39,57831,91671,10,606,1.0,3.0,10.0,2.0,1.0,1.0,176,4213,65378,1725.1999999999998,1396.1999999999998,150.0,8309,346.4999999999998,10594,3,0.8205882352941178,26
1,40,20,61,64469,111229,9,589,2.0,4.0,9.0,2.0,1.0,1.0,173,3470,65948,2272.6,1462.8,85.34999999999991,14489,110.19999999999982,29701,20,3.925,32
1,30,25,71,56782,80442,4,540,0.0,2.0,5.0,0.0,0.0,0.0,180,2650,32672,2139.4,1316.4,-40.79999999999973,2977,-240.79999999999973,-16708,5,2.1733333333333333,11
1,35,20,57,57981,80737,7,535,1.0,3.0,7.0,2.0,1.0,1.0,151,3637,61879,2232.2000000000003,1477.1,41.59999999999991,11240,214.5999999999999,349,15,3.3999999999999995,46
1,27,25,68,59072,74264,9,573,1.0,1.0,9.0,1.0,1.0,1.0,202,3083,36861,1932.3000000000002,1344.6999999999998,25.59999999999991,4138,-112.70000000000027,-4323,2,1.059259259259259,17
1,34,13,38,51306,68130,9,502,0.0,4.0,9.0,1.0,1.0,0.0,95,4255,26506,2075.6,1459.2999999999997,68.0,11853,374.6999999999998,12068,21,4.6855203619909505,-16
1,33,24,61,56137,76167,6,491,1.0,3.0,6.0,0.0,1.0,1.0,152,2739,51428,2272.0,1559.6999999999998,45.20000000000027,8797,149.29999999999973,19933,9,2.0984848484848486,14
1,30,23,60,62015,110500,7,651,0.0,3.0,7.0,1.0,1.0,0.0,212,4813,48702,1590.6,1253.4,-26.800000000000182,2315,-77.29999999999973,35129,7,2.203366058906031,22
1,40,30,63,61162,112041,8,527,0.0,3.0,8.0,2.0,1.0,0.0,131,2776,44107,2241.9,1479.9,92.40000000000009,5308,55.80000000000018,4989,10,1.0333333333333332,-23
1,19,12,28,40419,39239,8,420,0.0,1.0,9.0,2.0,1.0,0.0,84,2768,24626,2078.1,1569.9,-14.400000000000091,7602,367.29999999999995,2921,7,2.5482456140350873,28
1,18,13,28,52602,66160,11,623,1.0,4.0,11.0,4.0,1.0,1.0,168,4725,58771,2116.3,1622.3,-69.40000000000009,10973,469.5999999999999,11167,5,1.0384615384615383,78
1,27,17,58,51083,84725,6,525,1.0,2.0,6.0,1.0,0.0,1.0,114,3897,55203,1832.1,1279.0,78.20000000000027,7786,174.79999999999995,10052,10,3.111111111111111,5
1,46,29,56,66907,128116,8,536,2.0,4.0,10.0,2.0,1.0,1.0,128,3531,56216,2263.9,1520.9,-10.199999999999818,14856,155.9000000000001,47631,17,2.169415292353823,-15
1,26,15,36,42288,50680,6,397,0.0,3.0,6.0,0.0,1.0,0.0,102,2280,39139,2363.7999999999997,1573.3999999999999,39.59999999999991,9007,157.89999999999986,6066,11,2.7871794871794875,34
1,21,3,35,34951,33114,5,351,0.0,2.0,5.0,0.0,1.0,0.0,50,854,23476,0.0,0.0,63.0,15134,-1112.6,15539,18,18.42857142857143,7
1,39,19,48,50649,82857,5,426,1.0,4.0,5.0,0.0,1.0,1.0,141,3122,60624,2044.3999999999999,1912.3999999999999,-30.40000000000009,11659,616.1999999999998,21951,20,3.245614035087719,52
1,13,4,6,22311,16370,5,188,0.0,1.0,5.0,1.0,1.0,0.0,15,2266,12258,0.0,0.0,118.60000000000036,9798,-916.7,3448,10,4.4423076923076925,6
1,45,32,77,64780,90936,9,554,1.0,4.0,9.0,1.0,0.0,1.0,184,2283,48058,2238.0,1641.6999999999998,62.59999999999991,10028,113.89999999999986,1863,13,2.301388888888889,59
1,36,23,74,72127,109741,9,760,2.0,4.0,10.0,4.0,1.0,1.0,234,4013,62586,2024.4,1594.3000000000002,-80.19999999999982,10810,350.4000000000001,10913,13,3.0603864734299515,91
1,1,1,1,5032,1843,0,29,0.0,0.0,0.0,0.0,0.0,0.0,1,0,293,0.0,0.0,64.19999999999982,821,0.0,-217,1,2.0,0
1,16,6,19,30061,28664,2,377,0.0,2.0,2.0,0.0,1.0,0.0,51,2077,20856,0.0,0.0,45.0,7186,-1205.7,4053,10,5.270833333333333,8
1,24,12,22,47497,40047,9,560,1.0,2.0,9.0,2.0,1.0,1.0,97,4099,46205,2243.9,1484.1,58.80000000000018,10625,143.39999999999986,-2196,12,2.4583333333333335,14
1,33,28,63,65958,95309,7,639,1.0,4.0,7.0,2.0,1.0,0.0,254,3658,29297,1935.2999999999997,1395.0,9.800000000000182,1411,34.00000000000023,-12053,5,1.0346320346320343,66
1,31,13,57,46211,68652,9,417,0.0,3.0,9.0,2.0,1.0,0.0,87,3967,35428,2363.0,1608.7,49.0,12732,170.70000000000005,17950,18,5.930521091811414,21
1,19,7,27,38267,40810,8,405,0.0,3.0,8.0,1.0,1.0,0.0,80,3100,40241,0.0,0.0,-18.199999999999818,8507,-1337.3,11803,13,6.045112781954887,36
1,28,18,55,60380,100079,10,661,1.0,1.0,10.0,2.0,0.0,0.0,150,3849,55607,1624.1999999999998,1230.3999999999999,108.59999999999991,8915,-115.10000000000036,12195,10,2.718253968253968,-23
1,35,25,59,64379,104288,10,656,1.0,4.0,10.0,2.0,0.0,1.0,147,3521,63357,2265.0,1493.5,-22.200000000000273,6457,26.399999999999864,23783,10,2.017142857142857,-21
1,27,18,37,44277,53538,6,474,0.0,3.0,6.0,1.0,0.0,0.0,104,2489,30362,2320.3,1387.8,67.59999999999991,7031,74.70000000000005,6229,11,2.148148148148148,9
1,38,36,68,79666,153415,7,834,2.0,3.0,7.0,1.0,0.0,1.0,201,4132,82586,1969.4000000000003,1428.1,11.599999999999909,6105,18.90000000000009,-14937,2,0.628654970760234,-32
1,28,11,42,52276,73755,9,528,1.0,3.0,9.0,1.0,1.0,1.0,101,2373,55734,2465.5,1475.2,71.19999999999982,17149,233.89999999999986,26343,17,5.113636363636363,37
1,35,18,67,57462,82432,11,566,1.0,4.0,11.0,2.0,1.0,1.0,136,2735,64778,2239.8,1437.8,-63.40000000000009,12203,8.700000000000045,17773,17,4.523809523809524,42
1,25,23,47,68572,98172,7,836,1.0,1.0,7.0,1.0,1.0,0.0,153,3731,60389,1863.5,1329.9,6.400000000000091,6332,71.90000000000009,14934,2,0.370434782608696,-56
1,44,36,68,69724,125698,8,601,1.0,3.0,8.0,2.0,1.0,1.0,231,3699,81249,2399.6,1628.4,-34.40000000000009,7432,332.0000000000002,16621,8,0.7474747474747474,73
1,39,23,51,54317,93000,9,503,1.0,3.0,9.0,2.0,1.0,1.0,170,2863,49068,2292.7999999999997,1741.5000000000002,-39.0,11173,330.0000000000002,33920,16,2.528428093645485,78
1,27,15,48,43448,51733,3,467,0.0,3.0,3.0,0.0,1.0,0.0,89,2814,47268,2232.5,1538.4,5.200000000000273,6245,181.20000000000005,-491,12,3.6296296296296298,6
1,41,24,70,63451,112939,9,610,1.0,3.0,9.0,1.0,0.0,1.0,173,3594,52693,2219.7000000000003,1232.0,68.0,9295,-180.0,9739,17,3.125,-26
1,28,14,45,46807,57509,3,527,1.0,2.0,4.0,0.0,1.0,1.0,123,3766,39091,2297.0,1430.2000000000003,45.80000000000018,9079,247.40000000000032,7300,14,4.25,23
1,28,29,43,65787,100959,8,734,1.0,4.0,9.0,3.0,1.0,0.0,199,2691,48917,2231.8999999999996,1380.8,38.20000000000027,4163,-192.9000000000001,11887,-1,-0.23029556650246308,8
1,32,20,64,59150,94373,11,642,1.0,3.0,11.0,3.0,1.0,1.0,166,3365,52829,2172.1,1489.5,-18.59999999999991,11308,174.0999999999999,16718,12,3.05,30
1,46,28,64,67843,124080,8,585,2.0,3.0,8.0,2.0,0.0,1.0,151,4238,48486,2116.0,1502.0,14.599999999999909,10292,183.79999999999995,39201,18,2.5155279503105588,43
1,31,29,60,57066,88864,8,519,1.0,0.0,8.0,1.0,1.0,1.0,128,2732,23525,2319.3999999999996,1129.6999999999998,119.80000000000018,7767,-242.80000000000018,19635,2,0.3959955506117909,-9
1,23,21,38,55260,74492,10,615,1.0,4.0,10.0,2.0,1.0,1.0,154,3427,63374,2129.4,1454.5,184.4000000000001,12419,138.5,1258,2,0.5134575569358177,39
1,30,9,48,40160,47953,7,342,0.0,2.0,7.0,1.0,1.0,0.0,73,2571,22178,0.0,0.0,-70.60000000000036,12849,-1183.0000000000002,12984,21,7.7333333333333325,19
1,33,23,65,61419,92942,11,681,0.0,4.0,11.0,3.0,1.0,0.0,178,3618,36026,2241.9,1368.6999999999998,18.40000000000009,8475,51.0,-3114,10,2.503293807641634,58
1,17,10,16,37269,32543,9,451,0.0,0.0,9.0,1.0,1.0,0.0,64,2434,12940,0.0,0.0,31.40000000000009,11593,-1263.1000000000001,7899,7,2.064705882352941,18
1,30,17,42,49943,80323,6,530,0.0,3.0,6.0,0.0,1.0,0.0,153,3313,25134,2159.7000000000003,1463.9,73.39999999999964,9120,210.20000000000005,10234,13,2.768627450980392,35
1,9,2,9,27389,18032,6,326,0.0,2.0,6.0,1.0,1.0,0.0,45,381,17013,0.0,0.0,-49.0,10018,-1105.0000000000002,3545,7,8.666666666666666,13
1,15,4,13,24830,20192,5,265,0.0,1.0,5.0,1.0,1.0,0.0,41,1220,13251,0.0,0.0,-95.0,11011,-1047.1999999999998,8812,11,6.4,25
1,35,23,34,70618,98899,8,788,2.0,4.0,8.0,1.0,1.0,1.0,199,4639,81186,2461.4,1374.0000000000002,30.59999999999991,14091,51.20000000000027,-2729,12,1.4,-5
1,46,33,62,66982,142629,6,573,1.0,4.0,6.0,1.0,1.0,0.0,168,2894,78762,2158.8,1507.3000000000002,100.40000000000009,6083,290.3000000000002,28139,13,0.9466403162055337,26
1,20,8,33,43883,36679,5,473,1.0,2.0,5.0,0.0,1.0,1.0,107,2921,53709,2103.0,1421.2000000000003,-26.0,9954,154.80000000000018,466,12,5.875,14
1,40,24,46,60015,88676,9,606,1.0,2.0,10.0,2.0,1.0,1.0,164,2636,51975,2387.1000000000004,1811.2,66.80000000000018,12744,387.0000000000002,13749,16,2.2333333333333334,36
1,23,12,29,42459,48679,9,526,0.0,1.0,9.0,2.0,1.0,0.0,93,2768,18312,2307.4,1265.9999999999998,116.59999999999991,8606,-139.00000000000023,10158,13,3.550724637681159,-2
1,33,36,40,74923,122593,10,772,2.0,3.0,10.0,4.0,0.0,1.0,230,3729,73085,2353.0,1245.4,11.400000000000091,-159,-189.5,-9704,-2,-0.7904040404040407,24
1,38,23,64,60746,96383,6,604,1.0,3.0,7.0,1.0,0.0,1.0,166,2906,51743,2146.7999999999997,1468.8,-87.19999999999982,9873,107.60000000000014,24726,15,3.1716247139588103,46
1,15,6,13,42903,44418,10,555,0.0,3.0,10.0,2.0,1.0,0.0,88,1787,38722,2486.1,1304.1,42.0,11948,16.699999999999818,14580,9,4.066666666666667,-8
1,26,27,43,65943,90264,7,807,1.0,3.0,7.0,1.0,0.0,0.0,199,3074,55035,1829.0000000000002,1297.2,170.0,2928,-73.39999999999986,14771,-1,-0.0370370370370372,9
1,21,8,37,37456,38411,3,437,0.0,2.0,3.0,0.0,1.0,0.0,95,1418,26954,0.0,0.0,34.0,8616,-1290.7,5744,13,6.583333333333333,30
1,30,22,32,63030,99120,11,750,1.0,3.0,11.0,3.0,1.0,1.0,148,3150,47246,2128.7999999999997,1568.8,0.3999999999996362,10895,272.70000000000005,29998,8,1.1181818181818184,-28
1,27,19,32,52423,65931,10,549,1.0,3.0,10.0,2.0,1.0,1.0,106,3596,52468,2329.9,1560.1000000000001,-59.0,10138,183.20000000000005,9620,8,1.5126705653021442,-10
1,42,35,71,69251,145828,8,650,2.0,4.0,11.0,1.0,1.0,1.0,209,2866,79359,2314.7,1406.6999999999998,-1.599999999999909,8132,-3.7000000000000455,10407,7,1.0857142857142859,43
1,13,5,18,30319,25140,3,359,0.0,2.0,3.0,0.0,1.0,0.0,80,1697,20916,0.0,0.0,116.79999999999973,7999,-1177.8,11738,8,5.430769230769231,46
1,25,27,44,67812,96663,7,839,0.0,2.0,8.0,2.0,1.0,0.0,229,5063,45472,1682.4,1463.8999999999996,3.0,2604,121.29999999999973,-11592,-2,-0.5244444444444447,-21
1,29,20,49,54411,68525,8,550,1.0,4.0,9.0,2.0,1.0,1.0,129,2757,68001,2214.3,1485.5,12.200000000000273,11161,155.0,462,9,2.1758620689655173,9
1,30,18,55,53587,79471,7,533,1.0,3.0,7.0,1.0,1.0,1.0,159,3277,52344,2131.8,1426.4,13.199999999999818,12122,218.20000000000027,19873,12,3.238351254480287,53
1,54,31,74,73852,140112,10,733,1.0,4.0,10.0,2.0,0.0,0.0,146,3067,48255,1997.9,1392.9,-12.0,9124,-251.19999999999982,31748,23,3.0364396654719235,-23
1,25,15,40,58029,57335,7,639,2.0,3.0,7.0,2.0,1.0,1.0,143,4170,76197,2036.3999999999999,1415.6,-164.0,10687,-42.600000000000136,15146,10,2.853333333333333,34
1,15,6,17,35643,26832,7,416,0.0,2.0,7.0,1.0,1.0,0.0,76,1685,22262,0.0,0.0,124.40000000000009,11494,-1318.0,7305,9,4.266666666666667,44
1,14,6,32,39341,32117,3,498,1.0,2.0,3.0,0.0,0.0,1.0,93,1454,44984,1939.3999999999999,1190.0,-72.0,3928,-170.30000000000018,6249,8,6.880952380952381,-1
1,25,26,46,48479,79273,6,500,0.0,4.0,7.0,1.0,1.0,0.0,141,2705,45128,1806.5000000000002,1595.6,137.5999999999999,2081,353.1999999999998,15454,-1,-0.26923076923076916,47
1,27,20,36,53768,65510,9,609,1.0,3.0,9.0,1.0,0.0,1.0,116,3693,59990,2342.5,1377.2,16.0,8219,-73.10000000000014,13373,7,1.9277777777777776,14
1,24,20,46,57502,76910,11,648,1.0,4.0,11.0,3.0,1.0,1.0,171,3427,40565,1880.9,1341.1,37.399999999999636,5047,30.299999999999955,21770,4,1.3333333333333335,8
1,30,13,39,54682,75904,7,637,1.0,4.0,7.0,1.0,0.0,1.0,125,5153,47905,2220.7,1291.7,-51.19999999999982,9784,48.40000000000009,19533,17,4.441025641025641,15
1,21,21,44,56445,66813,7,635,0.0,3.0,9.0,1.0,1.0,0.0,164,4459,45143,2059.0,1315.0,81.0,2955,81.0,4582,0,0.1428571428571428,22
1,40,28,61,71318,119680,10,685,1.0,4.0,11.0,5.0,1.0,0.0,189,3724,65851,2304.1,1331.7000000000003,-127.19999999999982,5650,-126.49999999999977,21934,12,2.0321428571428575,2
1,29,23,42,55705,88494,7,596,1.0,2.0,8.0,1.0,1.0,1.0,127,2832,44225,2194.7999999999997,1375.2,16.199999999999818,7571,-58.40000000000009,21318,6,1.12143928035982,-14
1,24,8,24,43773,61341,9,467,0.0,3.0,9.0,2.0,1.0,0.0,92,3238,38417,2296.2,1499.7,35.05000000000018,11133,222.20000000000005,34097,16,5.208333333333333,9
1,34,23,67,60508,84931,5,624,1.0,3.0,5.0,0.0,0.0,1.0,174,2559,59394,1669.8999999999996,1383.1999999999998,46.59999999999991,7578,-66.00000000000023,3183,11,2.8324808184143224,-3
1,27,17,35,48397,63191,3,504,1.0,4.0,3.0,0.0,0.0,1.0,135,2077,42971,2339.7,1350.6,102.19999999999982,8377,-141.5,17722,10,2.1655773420479303,30
1,32,26,50,68837,101667,11,698,2.0,3.0,11.0,3.0,1.0,1.0,136,3136,62505,1913.9999999999998,1243.6,-33.79999999999973,8683,-55.59999999999991,9682,6,1.1850961538461537,-11
1,32,19,45,68085,101878,10,793,1.0,5.0,10.0,2.0,0.0,0.0,156,4187,58492,2086.8,1284.6000000000001,69.59999999999991,10352,-80.99999999999977,521,13,2.615131578947368,-29
1,40,26,53,70695,108542,10,676,2.0,4.0,11.0,2.0,1.0,1.0,190,3406,70238,2090.5,1478.5,227.20000000000027,14314,333.4000000000001,-1392,14,1.9671669793621014,34
1,27,14,37,55037,78568,6,663,1.0,4.0,8.0,1.0,1.0,1.0,182,3484,70495,2167.6,1350.3,-17.59999999999991,11569,46.899999999999864,31772,13,3.4973544973544968,30
1,39,31,71,71754,147764,9,658,1.0,4.0,11.0,2.0,1.0,1.0,179,3882,83302,2081.7,1429.5,33.40000000000009,5326,92.29999999999995,23265,8,1.3688999172870142,19
1,15,9,24,36079,39179,3,444,0.0,1.0,3.0,0.0,0.0,0.0,99,1145,9625,1998.0,1268.5,-86.19999999999982,2378,-111.70000000000005,12326,6,3.0666666666666664,39
